experiment_id,V,M,E,D,VV,VM,MM,VE,ME,EE,VD,MD,ED,DD,cell_viability
1,-0.8818139067450866,-0.8818139067450865,-0.8818139067450866,-0.8818139067450866,0.7775957661290324,0.7775957661290323,0.7775957661290321,0.7775957661290324,0.7775957661290323,0.7775957661290324,0.7775957661290324,0.7775957661290323,0.7775957661290324,0.7775957661290324,1.0
2,-0.8818139067450866,-0.8818139067450865,-0.8818139067450866,-0.5611543042923278,0.7775957661290324,0.7775957661290323,0.7775957661290321,0.7775957661290324,0.7775957661290323,0.7775957661290324,0.49483366935483875,0.4948336693548387,0.49483366935483875,0.31489415322580644,0.9
3,-0.8818139067450866,-0.8818139067450865,-0.8818139067450866,-0.24049470183956906,0.7775957661290324,0.7775957661290323,0.7775957661290321,0.7775957661290324,0.7775957661290323,0.7775957661290324,0.21207157258064516,0.21207157258064513,0.21207157258064516,0.05783770161290322,0.93
4,-0.8818139067450866,-0.8818139067450865,-0.8818139067450866,1.6834629128769836,0.7775957661290324,0.7775957661290323,0.7775957661290321,0.7775957661290324,0.7775957661290323,0.7775957661290324,-1.4845010080645162,-1.484501008064516,-1.4845010080645162,2.8340473790322585,0.9
5,-0.8818139067450866,-0.8818139067450865,-0.5611543042923278,-0.8818139067450866,0.7775957661290324,0.7775957661290323,0.7775957661290321,0.49483366935483875,0.4948336693548387,0.31489415322580644,0.7775957661290324,0.7775957661290323,0.49483366935483875,0.7775957661290324,0.83
6,-0.8818139067450866,-0.8818139067450865,-0.5611543042923278,-0.5611543042923278,0.7775957661290324,0.7775957661290323,0.7775957661290321,0.49483366935483875,0.4948336693548387,0.31489415322580644,0.49483366935483875,0.4948336693548387,0.31489415322580644,0.31489415322580644,0.84
7,-0.8818139067450866,-0.8818139067450865,-0.5611543042923278,-0.24049470183956906,0.7775957661290324,0.7775957661290323,0.7775957661290321,0.49483366935483875,0.4948336693548387,0.31489415322580644,0.21207157258064516,0.21207157258064513,0.1349546370967742,0.05783770161290322,0.89
8,-0.8818139067450866,-0.8818139067450865,-0.5611543042923278,1.6834629128769836,0.7775957661290324,0.7775957661290323,0.7775957661290321,0.49483366935483875,0.4948336693548387,0.31489415322580644,-1.4845010080645162,-1.484501008064516,-0.9446824596774194,2.8340473790322585,0.86
9,-0.8818139067450866,-0.8818139067450865,-0.24049470183956909,-0.8818139067450866,0.7775957661290324,0.7775957661290323,0.7775957661290321,0.21207157258064518,0.21207157258064516,0.05783770161290323,0.7775957661290324,0.7775957661290323,0.21207157258064518,0.7775957661290324,0.91
10,-0.8818139067450866,-0.8818139067450865,-0.24049470183956909,-0.5611543042923278,0.7775957661290324,0.7775957661290323,0.7775957661290321,0.21207157258064518,0.21207157258064516,0.05783770161290323,0.49483366935483875,0.4948336693548387,0.13495463709677422,0.31489415322580644,0.96
11,-0.8818139067450866,-0.8818139067450865,-0.24049470183956909,-0.24049470183956906,0.7775957661290324,0.7775957661290323,0.7775957661290321,0.21207157258064518,0.21207157258064516,0.05783770161290323,0.21207157258064516,0.21207157258064513,0.057837701612903226,0.05783770161290322,0.91
12,-0.8818139067450866,-0.8818139067450865,-0.24049470183956909,1.6834629128769836,0.7775957661290324,0.7775957661290323,0.7775957661290321,0.21207157258064518,0.21207157258064516,0.05783770161290323,-1.4845010080645162,-1.484501008064516,-0.4048639112903226,2.8340473790322585,0.89
13,-0.8818139067450866,-0.8818139067450865,1.6834629128769836,-0.8818139067450866,0.7775957661290324,0.7775957661290323,0.7775957661290321,-1.4845010080645162,-1.484501008064516,2.8340473790322585,0.7775957661290324,0.7775957661290323,-1.4845010080645162,0.7775957661290324,0.8
14,-0.8818139067450866,-0.8818139067450865,1.6834629128769836,-0.5611543042923278,0.7775957661290324,0.7775957661290323,0.7775957661290321,-1.4845010080645162,-1.484501008064516,2.8340473790322585,0.49483366935483875,0.4948336693548387,-0.9446824596774194,0.31489415322580644,0.8
15,-0.8818139067450866,-0.8818139067450865,1.6834629128769836,-0.24049470183956906,0.7775957661290324,0.7775957661290323,0.7775957661290321,-1.4845010080645162,-1.484501008064516,2.8340473790322585,0.21207157258064516,0.21207157258064513,-0.40486391129032256,0.05783770161290322,0.79
16,-0.8818139067450866,-0.8818139067450865,1.6834629128769836,1.6834629128769836,0.7775957661290324,0.7775957661290323,0.7775957661290321,-1.4845010080645162,-1.484501008064516,2.8340473790322585,-1.4845010080645162,-1.484501008064516,2.8340473790322585,2.8340473790322585,0.77
17,-0.8818139067450866,-0.5611543042923278,-0.8818139067450866,-0.8818139067450866,0.7775957661290324,0.49483366935483875,0.31489415322580644,0.7775957661290324,0.49483366935483875,0.7775957661290324,0.7775957661290324,0.49483366935483875,0.7775957661290324,0.7775957661290324,0.91
18,-0.8818139067450866,-0.5611543042923278,-0.8818139067450866,-0.5611543042923278,0.7775957661290324,0.49483366935483875,0.31489415322580644,0.7775957661290324,0.49483366935483875,0.7775957661290324,0.49483366935483875,0.31489415322580644,0.49483366935483875,0.31489415322580644,0.88
19,-0.8818139067450866,-0.5611543042923278,-0.8818139067450866,-0.24049470183956906,0.7775957661290324,0.49483366935483875,0.31489415322580644,0.7775957661290324,0.49483366935483875,0.7775957661290324,0.21207157258064516,0.1349546370967742,0.21207157258064516,0.05783770161290322,0.84
20,-0.8818139067450866,-0.5611543042923278,-0.8818139067450866,1.6834629128769836,0.7775957661290324,0.49483366935483875,0.31489415322580644,0.7775957661290324,0.49483366935483875,0.7775957661290324,-1.4845010080645162,-0.9446824596774194,-1.4845010080645162,2.8340473790322585,0.86
21,-0.8818139067450866,-0.5611543042923278,-0.5611543042923278,-0.8818139067450866,0.7775957661290324,0.49483366935483875,0.31489415322580644,0.49483366935483875,0.31489415322580644,0.31489415322580644,0.7775957661290324,0.49483366935483875,0.49483366935483875,0.7775957661290324,0.89
22,-0.8818139067450866,-0.5611543042923278,-0.5611543042923278,-0.5611543042923278,0.7775957661290324,0.49483366935483875,0.31489415322580644,0.49483366935483875,0.31489415322580644,0.31489415322580644,0.49483366935483875,0.31489415322580644,0.31489415322580644,0.31489415322580644,0.9
23,-0.8818139067450866,-0.5611543042923278,-0.5611543042923278,-0.24049470183956906,0.7775957661290324,0.49483366935483875,0.31489415322580644,0.49483366935483875,0.31489415322580644,0.31489415322580644,0.21207157258064516,0.1349546370967742,0.1349546370967742,0.05783770161290322,0.88
24,-0.8818139067450866,-0.5611543042923278,-0.5611543042923278,1.6834629128769836,0.7775957661290324,0.49483366935483875,0.31489415322580644,0.49483366935483875,0.31489415322580644,0.31489415322580644,-1.4845010080645162,-0.9446824596774194,-0.9446824596774194,2.8340473790322585,0.84
25,-0.8818139067450866,-0.5611543042923278,-0.24049470183956909,-0.8818139067450866,0.7775957661290324,0.49483366935483875,0.31489415322580644,0.21207157258064518,0.13495463709677422,0.05783770161290323,0.7775957661290324,0.49483366935483875,0.21207157258064518,0.7775957661290324,0.88
26,-0.8818139067450866,-0.5611543042923278,-0.24049470183956909,-0.5611543042923278,0.7775957661290324,0.49483366935483875,0.31489415322580644,0.21207157258064518,0.13495463709677422,0.05783770161290323,0.49483366935483875,0.31489415322580644,0.13495463709677422,0.31489415322580644,0.86
27,-0.8818139067450866,-0.5611543042923278,-0.24049470183956909,-0.24049470183956906,0.7775957661290324,0.49483366935483875,0.31489415322580644,0.21207157258064518,0.13495463709677422,0.05783770161290323,0.21207157258064516,0.1349546370967742,0.057837701612903226,0.05783770161290322,0.81
28,-0.8818139067450866,-0.5611543042923278,-0.24049470183956909,1.6834629128769836,0.7775957661290324,0.49483366935483875,0.31489415322580644,0.21207157258064518,0.13495463709677422,0.05783770161290323,-1.4845010080645162,-0.9446824596774194,-0.4048639112903226,2.8340473790322585,0.82
29,-0.8818139067450866,-0.5611543042923278,1.6834629128769836,-0.8818139067450866,0.7775957661290324,0.49483366935483875,0.31489415322580644,-1.4845010080645162,-0.9446824596774194,2.8340473790322585,0.7775957661290324,0.49483366935483875,-1.4845010080645162,0.7775957661290324,0.82
30,-0.8818139067450866,-0.5611543042923278,1.6834629128769836,-0.5611543042923278,0.7775957661290324,0.49483366935483875,0.31489415322580644,-1.4845010080645162,-0.9446824596774194,2.8340473790322585,0.49483366935483875,0.31489415322580644,-0.9446824596774194,0.31489415322580644,0.83
31,-0.8818139067450866,-0.5611543042923278,1.6834629128769836,-0.24049470183956906,0.7775957661290324,0.49483366935483875,0.31489415322580644,-1.4845010080645162,-0.9446824596774194,2.8340473790322585,0.21207157258064516,0.1349546370967742,-0.40486391129032256,0.05783770161290322,0.81
32,-0.8818139067450866,-0.5611543042923278,1.6834629128769836,1.6834629128769836,0.7775957661290324,0.49483366935483875,0.31489415322580644,-1.4845010080645162,-0.9446824596774194,2.8340473790322585,-1.4845010080645162,-0.9446824596774194,2.8340473790322585,2.8340473790322585,0.75
33,-0.8818139067450866,-0.24049470183956906,-0.8818139067450866,-0.8818139067450866,0.7775957661290324,0.21207157258064516,0.05783770161290322,0.7775957661290324,0.21207157258064516,0.7775957661290324,0.7775957661290324,0.21207157258064516,0.7775957661290324,0.7775957661290324,0.87
34,-0.8818139067450866,-0.24049470183956906,-0.8818139067450866,-0.5611543042923278,0.7775957661290324,0.21207157258064516,0.05783770161290322,0.7775957661290324,0.21207157258064516,0.7775957661290324,0.49483366935483875,0.1349546370967742,0.49483366935483875,0.31489415322580644,0.9
35,-0.8818139067450866,-0.24049470183956906,-0.8818139067450866,-0.24049470183956906,0.7775957661290324,0.21207157258064516,0.05783770161290322,0.7775957661290324,0.21207157258064516,0.7775957661290324,0.21207157258064516,0.05783770161290322,0.21207157258064516,0.05783770161290322,0.9
36,-0.8818139067450866,-0.24049470183956906,-0.8818139067450866,1.6834629128769836,0.7775957661290324,0.21207157258064516,0.05783770161290322,0.7775957661290324,0.21207157258064516,0.7775957661290324,-1.4845010080645162,-0.40486391129032256,-1.4845010080645162,2.8340473790322585,0.78
37,-0.8818139067450866,-0.24049470183956906,-0.5611543042923278,-0.8818139067450866,0.7775957661290324,0.21207157258064516,0.05783770161290322,0.49483366935483875,0.1349546370967742,0.31489415322580644,0.7775957661290324,0.21207157258064516,0.49483366935483875,0.7775957661290324,0.9
38,-0.8818139067450866,-0.24049470183956906,-0.5611543042923278,-0.5611543042923278,0.7775957661290324,0.21207157258064516,0.05783770161290322,0.49483366935483875,0.1349546370967742,0.31489415322580644,0.49483366935483875,0.1349546370967742,0.31489415322580644,0.31489415322580644,0.89
39,-0.8818139067450866,-0.24049470183956906,-0.5611543042923278,-0.24049470183956906,0.7775957661290324,0.21207157258064516,0.05783770161290322,0.49483366935483875,0.1349546370967742,0.31489415322580644,0.21207157258064516,0.05783770161290322,0.1349546370967742,0.05783770161290322,0.88
40,-0.8818139067450866,-0.24049470183956906,-0.5611543042923278,1.6834629128769836,0.7775957661290324,0.21207157258064516,0.05783770161290322,0.49483366935483875,0.1349546370967742,0.31489415322580644,-1.4845010080645162,-0.40486391129032256,-0.9446824596774194,2.8340473790322585,0.94
41,-0.8818139067450866,-0.24049470183956906,-0.24049470183956909,-0.8818139067450866,0.7775957661290324,0.21207157258064516,0.05783770161290322,0.21207157258064518,0.057837701612903226,0.05783770161290323,0.7775957661290324,0.21207157258064516,0.21207157258064518,0.7775957661290324,0.92
42,-0.8818139067450866,-0.24049470183956906,-0.24049470183956909,-0.5611543042923278,0.7775957661290324,0.21207157258064516,0.05783770161290322,0.21207157258064518,0.057837701612903226,0.05783770161290323,0.49483366935483875,0.1349546370967742,0.13495463709677422,0.31489415322580644,0.93
43,-0.8818139067450866,-0.24049470183956906,-0.24049470183956909,-0.24049470183956906,0.7775957661290324,0.21207157258064516,0.05783770161290322,0.21207157258064518,0.057837701612903226,0.05783770161290323,0.21207157258064516,0.05783770161290322,0.057837701612903226,0.05783770161290322,0.82
44,-0.8818139067450866,-0.24049470183956906,-0.24049470183956909,1.6834629128769836,0.7775957661290324,0.21207157258064516,0.05783770161290322,0.21207157258064518,0.057837701612903226,0.05783770161290323,-1.4845010080645162,-0.40486391129032256,-0.4048639112903226,2.8340473790322585,0.8
45,-0.8818139067450866,-0.24049470183956906,1.6834629128769836,-0.8818139067450866,0.7775957661290324,0.21207157258064516,0.05783770161290322,-1.4845010080645162,-0.40486391129032256,2.8340473790322585,0.7775957661290324,0.21207157258064516,-1.4845010080645162,0.7775957661290324,0.82
46,-0.8818139067450866,-0.24049470183956906,1.6834629128769836,-0.5611543042923278,0.7775957661290324,0.21207157258064516,0.05783770161290322,-1.4845010080645162,-0.40486391129032256,2.8340473790322585,0.49483366935483875,0.1349546370967742,-0.9446824596774194,0.31489415322580644,0.8
47,-0.8818139067450866,-0.24049470183956906,1.6834629128769836,-0.24049470183956906,0.7775957661290324,0.21207157258064516,0.05783770161290322,-1.4845010080645162,-0.40486391129032256,2.8340473790322585,0.21207157258064516,0.05783770161290322,-0.40486391129032256,0.05783770161290322,0.88
48,-0.8818139067450866,-0.24049470183956906,1.6834629128769836,1.6834629128769836,0.7775957661290324,0.21207157258064516,0.05783770161290322,-1.4845010080645162,-0.40486391129032256,2.8340473790322585,-1.4845010080645162,-0.40486391129032256,2.8340473790322585,2.8340473790322585,0.76
49,-0.8818139067450866,1.6834629128769834,-0.8818139067450866,-0.8818139067450866,0.7775957661290324,-1.484501008064516,2.8340473790322576,0.7775957661290324,-1.484501008064516,0.7775957661290324,0.7775957661290324,-1.484501008064516,0.7775957661290324,0.7775957661290324,0.93
50,-0.8818139067450866,1.6834629128769834,-0.8818139067450866,-0.5611543042923278,0.7775957661290324,-1.484501008064516,2.8340473790322576,0.7775957661290324,-1.484501008064516,0.7775957661290324,0.49483366935483875,-0.9446824596774193,0.49483366935483875,0.31489415322580644,0.92
51,-0.8818139067450866,1.6834629128769834,-0.8818139067450866,-0.24049470183956906,0.7775957661290324,-1.484501008064516,2.8340473790322576,0.7775957661290324,-1.484501008064516,0.7775957661290324,0.21207157258064516,-0.4048639112903225,0.21207157258064516,0.05783770161290322,0.86
52,-0.8818139067450866,1.6834629128769834,-0.8818139067450866,1.6834629128769836,0.7775957661290324,-1.484501008064516,2.8340473790322576,0.7775957661290324,-1.484501008064516,0.7775957661290324,-1.4845010080645162,2.834047379032258,-1.4845010080645162,2.8340473790322585,0.84
53,-0.8818139067450866,1.6834629128769834,-0.5611543042923278,-0.8818139067450866,0.7775957661290324,-1.484501008064516,2.8340473790322576,0.49483366935483875,-0.9446824596774193,0.31489415322580644,0.7775957661290324,-1.484501008064516,0.49483366935483875,0.7775957661290324,1.01
54,-0.8818139067450866,1.6834629128769834,-0.5611543042923278,-0.5611543042923278,0.7775957661290324,-1.484501008064516,2.8340473790322576,0.49483366935483875,-0.9446824596774193,0.31489415322580644,0.49483366935483875,-0.9446824596774193,0.31489415322580644,0.31489415322580644,0.83
55,-0.8818139067450866,1.6834629128769834,-0.5611543042923278,-0.24049470183956906,0.7775957661290324,-1.484501008064516,2.8340473790322576,0.49483366935483875,-0.9446824596774193,0.31489415322580644,0.21207157258064516,-0.4048639112903225,0.1349546370967742,0.05783770161290322,0.82
56,-0.8818139067450866,1.6834629128769834,-0.5611543042923278,1.6834629128769836,0.7775957661290324,-1.484501008064516,2.8340473790322576,0.49483366935483875,-0.9446824596774193,0.31489415322580644,-1.4845010080645162,2.834047379032258,-0.9446824596774194,2.8340473790322585,0.79
57,-0.8818139067450866,1.6834629128769834,-0.24049470183956909,-0.8818139067450866,0.7775957661290324,-1.484501008064516,2.8340473790322576,0.21207157258064518,-0.40486391129032256,0.05783770161290323,0.7775957661290324,-1.484501008064516,0.21207157258064518,0.7775957661290324,0.86
58,-0.8818139067450866,1.6834629128769834,-0.24049470183956909,-0.5611543042923278,0.7775957661290324,-1.484501008064516,2.8340473790322576,0.21207157258064518,-0.40486391129032256,0.05783770161290323,0.49483366935483875,-0.9446824596774193,0.13495463709677422,0.31489415322580644,0.85
59,-0.8818139067450866,1.6834629128769834,-0.24049470183956909,-0.24049470183956906,0.7775957661290324,-1.484501008064516,2.8340473790322576,0.21207157258064518,-0.40486391129032256,0.05783770161290323,0.21207157258064516,-0.4048639112903225,0.057837701612903226,0.05783770161290322,0.81
60,-0.8818139067450866,1.6834629128769834,-0.24049470183956909,1.6834629128769836,0.7775957661290324,-1.484501008064516,2.8340473790322576,0.21207157258064518,-0.40486391129032256,0.05783770161290323,-1.4845010080645162,2.834047379032258,-0.4048639112903226,2.8340473790322585,0.77
61,-0.8818139067450866,1.6834629128769834,1.6834629128769836,-0.8818139067450866,0.7775957661290324,-1.484501008064516,2.8340473790322576,-1.4845010080645162,2.834047379032258,2.8340473790322585,0.7775957661290324,-1.484501008064516,-1.4845010080645162,0.7775957661290324,0.83
62,-0.8818139067450866,1.6834629128769834,1.6834629128769836,-0.5611543042923278,0.7775957661290324,-1.484501008064516,2.8340473790322576,-1.4845010080645162,2.834047379032258,2.8340473790322585,0.49483366935483875,-0.9446824596774193,-0.9446824596774194,0.31489415322580644,0.82
63,-0.8818139067450866,1.6834629128769834,1.6834629128769836,-0.24049470183956906,0.7775957661290324,-1.484501008064516,2.8340473790322576,-1.4845010080645162,2.834047379032258,2.8340473790322585,0.21207157258064516,-0.4048639112903225,-0.40486391129032256,0.05783770161290322,0.77
64,-0.8818139067450866,1.6834629128769834,1.6834629128769836,1.6834629128769836,0.7775957661290324,-1.484501008064516,2.8340473790322576,-1.4845010080645162,2.834047379032258,2.8340473790322585,-1.4845010080645162,2.834047379032258,2.8340473790322585,2.8340473790322585,0.73
65,-0.5611543042923278,-0.8818139067450865,-0.8818139067450866,-0.8818139067450866,0.31489415322580644,0.4948336693548387,0.7775957661290321,0.49483366935483875,0.7775957661290323,0.7775957661290324,0.49483366935483875,0.7775957661290323,0.7775957661290324,0.7775957661290324,0.87
66,-0.5611543042923278,-0.8818139067450865,-0.8818139067450866,-0.5611543042923278,0.31489415322580644,0.4948336693548387,0.7775957661290321,0.49483366935483875,0.7775957661290323,0.7775957661290324,0.31489415322580644,0.4948336693548387,0.49483366935483875,0.31489415322580644,0.92
67,-0.5611543042923278,-0.8818139067450865,-0.8818139067450866,-0.24049470183956906,0.31489415322580644,0.4948336693548387,0.7775957661290321,0.49483366935483875,0.7775957661290323,0.7775957661290324,0.1349546370967742,0.21207157258064513,0.21207157258064516,0.05783770161290322,0.89
68,-0.5611543042923278,-0.8818139067450865,-0.8818139067450866,1.6834629128769836,0.31489415322580644,0.4948336693548387,0.7775957661290321,0.49483366935483875,0.7775957661290323,0.7775957661290324,-0.9446824596774194,-1.484501008064516,-1.4845010080645162,2.8340473790322585,0.87
69,-0.5611543042923278,-0.8818139067450865,-0.5611543042923278,-0.8818139067450866,0.31489415322580644,0.4948336693548387,0.7775957661290321,0.31489415322580644,0.4948336693548387,0.31489415322580644,0.49483366935483875,0.7775957661290323,0.49483366935483875,0.7775957661290324,0.91
70,-0.5611543042923278,-0.8818139067450865,-0.5611543042923278,-0.5611543042923278,0.31489415322580644,0.4948336693548387,0.7775957661290321,0.31489415322580644,0.4948336693548387,0.31489415322580644,0.31489415322580644,0.4948336693548387,0.31489415322580644,0.31489415322580644,0.91
71,-0.5611543042923278,-0.8818139067450865,-0.5611543042923278,-0.24049470183956906,0.31489415322580644,0.4948336693548387,0.7775957661290321,0.31489415322580644,0.4948336693548387,0.31489415322580644,0.1349546370967742,0.21207157258064513,0.1349546370967742,0.05783770161290322,0.8
72,-0.5611543042923278,-0.8818139067450865,-0.5611543042923278,1.6834629128769836,0.31489415322580644,0.4948336693548387,0.7775957661290321,0.31489415322580644,0.4948336693548387,0.31489415322580644,-0.9446824596774194,-1.484501008064516,-0.9446824596774194,2.8340473790322585,0.79
73,-0.5611543042923278,-0.8818139067450865,-0.24049470183956909,-0.8818139067450866,0.31489415322580644,0.4948336693548387,0.7775957661290321,0.13495463709677422,0.21207157258064516,0.05783770161290323,0.49483366935483875,0.7775957661290323,0.21207157258064518,0.7775957661290324,0.86
74,-0.5611543042923278,-0.8818139067450865,-0.24049470183956909,-0.5611543042923278,0.31489415322580644,0.4948336693548387,0.7775957661290321,0.13495463709677422,0.21207157258064516,0.05783770161290323,0.31489415322580644,0.4948336693548387,0.13495463709677422,0.31489415322580644,0.87
75,-0.5611543042923278,-0.8818139067450865,-0.24049470183956909,-0.24049470183956906,0.31489415322580644,0.4948336693548387,0.7775957661290321,0.13495463709677422,0.21207157258064516,0.05783770161290323,0.1349546370967742,0.21207157258064513,0.057837701612903226,0.05783770161290322,0.76
76,-0.5611543042923278,-0.8818139067450865,-0.24049470183956909,1.6834629128769836,0.31489415322580644,0.4948336693548387,0.7775957661290321,0.13495463709677422,0.21207157258064516,0.05783770161290323,-0.9446824596774194,-1.484501008064516,-0.4048639112903226,2.8340473790322585,0.78
77,-0.5611543042923278,-0.8818139067450865,1.6834629128769836,-0.8818139067450866,0.31489415322580644,0.4948336693548387,0.7775957661290321,-0.9446824596774194,-1.484501008064516,2.8340473790322585,0.49483366935483875,0.7775957661290323,-1.4845010080645162,0.7775957661290324,0.81
78,-0.5611543042923278,-0.8818139067450865,1.6834629128769836,-0.5611543042923278,0.31489415322580644,0.4948336693548387,0.7775957661290321,-0.9446824596774194,-1.484501008064516,2.8340473790322585,0.31489415322580644,0.4948336693548387,-0.9446824596774194,0.31489415322580644,0.77
79,-0.5611543042923278,-0.8818139067450865,1.6834629128769836,-0.24049470183956906,0.31489415322580644,0.4948336693548387,0.7775957661290321,-0.9446824596774194,-1.484501008064516,2.8340473790322585,0.1349546370967742,0.21207157258064513,-0.40486391129032256,0.05783770161290322,0.75
80,-0.5611543042923278,-0.8818139067450865,1.6834629128769836,1.6834629128769836,0.31489415322580644,0.4948336693548387,0.7775957661290321,-0.9446824596774194,-1.484501008064516,2.8340473790322585,-0.9446824596774194,-1.484501008064516,2.8340473790322585,2.8340473790322585,0.7
81,-0.5611543042923278,-0.5611543042923278,-0.8818139067450866,-0.8818139067450866,0.31489415322580644,0.31489415322580644,0.31489415322580644,0.49483366935483875,0.49483366935483875,0.7775957661290324,0.49483366935483875,0.49483366935483875,0.7775957661290324,0.7775957661290324,0.97
82,-0.5611543042923278,-0.5611543042923278,-0.8818139067450866,-0.5611543042923278,0.31489415322580644,0.31489415322580644,0.31489415322580644,0.49483366935483875,0.49483366935483875,0.7775957661290324,0.31489415322580644,0.31489415322580644,0.49483366935483875,0.31489415322580644,0.98
83,-0.5611543042923278,-0.5611543042923278,-0.8818139067450866,-0.24049470183956906,0.31489415322580644,0.31489415322580644,0.31489415322580644,0.49483366935483875,0.49483366935483875,0.7775957661290324,0.1349546370967742,0.1349546370967742,0.21207157258064516,0.05783770161290322,0.92
84,-0.5611543042923278,-0.5611543042923278,-0.8818139067450866,1.6834629128769836,0.31489415322580644,0.31489415322580644,0.31489415322580644,0.49483366935483875,0.49483366935483875,0.7775957661290324,-0.9446824596774194,-0.9446824596774194,-1.4845010080645162,2.8340473790322585,0.85
85,-0.5611543042923278,-0.5611543042923278,-0.5611543042923278,-0.8818139067450866,0.31489415322580644,0.31489415322580644,0.31489415322580644,0.31489415322580644,0.31489415322580644,0.31489415322580644,0.49483366935483875,0.49483366935483875,0.49483366935483875,0.7775957661290324,0.93
86,-0.5611543042923278,-0.5611543042923278,-0.5611543042923278,-0.5611543042923278,0.31489415322580644,0.31489415322580644,0.31489415322580644,0.31489415322580644,0.31489415322580644,0.31489415322580644,0.31489415322580644,0.31489415322580644,0.31489415322580644,0.31489415322580644,0.93
87,-0.5611543042923278,-0.5611543042923278,-0.5611543042923278,-0.24049470183956906,0.31489415322580644,0.31489415322580644,0.31489415322580644,0.31489415322580644,0.31489415322580644,0.31489415322580644,0.1349546370967742,0.1349546370967742,0.1349546370967742,0.05783770161290322,0.91
88,-0.5611543042923278,-0.5611543042923278,-0.5611543042923278,1.6834629128769836,0.31489415322580644,0.31489415322580644,0.31489415322580644,0.31489415322580644,0.31489415322580644,0.31489415322580644,-0.9446824596774194,-0.9446824596774194,-0.9446824596774194,2.8340473790322585,0.8
89,-0.5611543042923278,-0.5611543042923278,-0.24049470183956909,-0.8818139067450866,0.31489415322580644,0.31489415322580644,0.31489415322580644,0.13495463709677422,0.13495463709677422,0.05783770161290323,0.49483366935483875,0.49483366935483875,0.21207157258064518,0.7775957661290324,0.71
90,-0.5611543042923278,-0.5611543042923278,-0.24049470183956909,-0.5611543042923278,0.31489415322580644,0.31489415322580644,0.31489415322580644,0.13495463709677422,0.13495463709677422,0.05783770161290323,0.31489415322580644,0.31489415322580644,0.13495463709677422,0.31489415322580644,0.82
91,-0.5611543042923278,-0.5611543042923278,-0.24049470183956909,-0.24049470183956906,0.31489415322580644,0.31489415322580644,0.31489415322580644,0.13495463709677422,0.13495463709677422,0.05783770161290323,0.1349546370967742,0.1349546370967742,0.057837701612903226,0.05783770161290322,0.75
92,-0.5611543042923278,-0.5611543042923278,-0.24049470183956909,1.6834629128769836,0.31489415322580644,0.31489415322580644,0.31489415322580644,0.13495463709677422,0.13495463709677422,0.05783770161290323,-0.9446824596774194,-0.9446824596774194,-0.4048639112903226,2.8340473790322585,0.66
93,-0.5611543042923278,-0.5611543042923278,1.6834629128769836,-0.8818139067450866,0.31489415322580644,0.31489415322580644,0.31489415322580644,-0.9446824596774194,-0.9446824596774194,2.8340473790322585,0.49483366935483875,0.49483366935483875,-1.4845010080645162,0.7775957661290324,0.66
94,-0.5611543042923278,-0.5611543042923278,1.6834629128769836,-0.5611543042923278,0.31489415322580644,0.31489415322580644,0.31489415322580644,-0.9446824596774194,-0.9446824596774194,2.8340473790322585,0.31489415322580644,0.31489415322580644,-0.9446824596774194,0.31489415322580644,0.62
95,-0.5611543042923278,-0.5611543042923278,1.6834629128769836,-0.24049470183956906,0.31489415322580644,0.31489415322580644,0.31489415322580644,-0.9446824596774194,-0.9446824596774194,2.8340473790322585,0.1349546370967742,0.1349546370967742,-0.40486391129032256,0.05783770161290322,0.62
96,-0.5611543042923278,-0.5611543042923278,1.6834629128769836,1.6834629128769836,0.31489415322580644,0.31489415322580644,0.31489415322580644,-0.9446824596774194,-0.9446824596774194,2.8340473790322585,-0.9446824596774194,-0.9446824596774194,2.8340473790322585,2.8340473790322585,0.56
97,-0.5611543042923278,-0.24049470183956906,-0.8818139067450866,-0.8818139067450866,0.31489415322580644,0.1349546370967742,0.05783770161290322,0.49483366935483875,0.21207157258064516,0.7775957661290324,0.49483366935483875,0.21207157258064516,0.7775957661290324,0.7775957661290324,0.79
98,-0.5611543042923278,-0.24049470183956906,-0.8818139067450866,-0.5611543042923278,0.31489415322580644,0.1349546370967742,0.05783770161290322,0.49483366935483875,0.21207157258064516,0.7775957661290324,0.31489415322580644,0.1349546370967742,0.49483366935483875,0.31489415322580644,0.84
99,-0.5611543042923278,-0.24049470183956906,-0.8818139067450866,-0.24049470183956906,0.31489415322580644,0.1349546370967742,0.05783770161290322,0.49483366935483875,0.21207157258064516,0.7775957661290324,0.1349546370967742,0.05783770161290322,0.21207157258064516,0.05783770161290322,0.86
100,-0.5611543042923278,-0.24049470183956906,-0.8818139067450866,1.6834629128769836,0.31489415322580644,0.1349546370967742,0.05783770161290322,0.49483366935483875,0.21207157258064516,0.7775957661290324,-0.9446824596774194,-0.40486391129032256,-1.4845010080645162,2.8340473790322585,0.73
101,-0.5611543042923278,-0.24049470183956906,-0.5611543042923278,-0.8818139067450866,0.31489415322580644,0.1349546370967742,0.05783770161290322,0.31489415322580644,0.1349546370967742,0.31489415322580644,0.49483366935483875,0.21207157258064516,0.49483366935483875,0.7775957661290324,0.77
102,-0.5611543042923278,-0.24049470183956906,-0.5611543042923278,-0.5611543042923278,0.31489415322580644,0.1349546370967742,0.05783770161290322,0.31489415322580644,0.1349546370967742,0.31489415322580644,0.31489415322580644,0.1349546370967742,0.31489415322580644,0.31489415322580644,0.88
103,-0.5611543042923278,-0.24049470183956906,-0.5611543042923278,-0.24049470183956906,0.31489415322580644,0.1349546370967742,0.05783770161290322,0.31489415322580644,0.1349546370967742,0.31489415322580644,0.1349546370967742,0.05783770161290322,0.1349546370967742,0.05783770161290322,0.87
104,-0.5611543042923278,-0.24049470183956906,-0.5611543042923278,1.6834629128769836,0.31489415322580644,0.1349546370967742,0.05783770161290322,0.31489415322580644,0.1349546370967742,0.31489415322580644,-0.9446824596774194,-0.40486391129032256,-0.9446824596774194,2.8340473790322585,0.77
105,-0.5611543042923278,-0.24049470183956906,-0.24049470183956909,-0.8818139067450866,0.31489415322580644,0.1349546370967742,0.05783770161290322,0.13495463709677422,0.057837701612903226,0.05783770161290323,0.49483366935483875,0.21207157258064516,0.21207157258064518,0.7775957661290324,0.86
106,-0.5611543042923278,-0.24049470183956906,-0.24049470183956909,-0.5611543042923278,0.31489415322580644,0.1349546370967742,0.05783770161290322,0.13495463709677422,0.057837701612903226,0.05783770161290323,0.31489415322580644,0.1349546370967742,0.13495463709677422,0.31489415322580644,0.84
107,-0.5611543042923278,-0.24049470183956906,-0.24049470183956909,-0.24049470183956906,0.31489415322580644,0.1349546370967742,0.05783770161290322,0.13495463709677422,0.057837701612903226,0.05783770161290323,0.1349546370967742,0.05783770161290322,0.057837701612903226,0.05783770161290322,0.84
108,-0.5611543042923278,-0.24049470183956906,-0.24049470183956909,1.6834629128769836,0.31489415322580644,0.1349546370967742,0.05783770161290322,0.13495463709677422,0.057837701612903226,0.05783770161290323,-0.9446824596774194,-0.40486391129032256,-0.4048639112903226,2.8340473790322585,0.68
109,-0.5611543042923278,-0.24049470183956906,1.6834629128769836,-0.8818139067450866,0.31489415322580644,0.1349546370967742,0.05783770161290322,-0.9446824596774194,-0.40486391129032256,2.8340473790322585,0.49483366935483875,0.21207157258064516,-1.4845010080645162,0.7775957661290324,0.73
110,-0.5611543042923278,-0.24049470183956906,1.6834629128769836,-0.5611543042923278,0.31489415322580644,0.1349546370967742,0.05783770161290322,-0.9446824596774194,-0.40486391129032256,2.8340473790322585,0.31489415322580644,0.1349546370967742,-0.9446824596774194,0.31489415322580644,0.75
111,-0.5611543042923278,-0.24049470183956906,1.6834629128769836,-0.24049470183956906,0.31489415322580644,0.1349546370967742,0.05783770161290322,-0.9446824596774194,-0.40486391129032256,2.8340473790322585,0.1349546370967742,0.05783770161290322,-0.40486391129032256,0.05783770161290322,0.73
112,-0.5611543042923278,-0.24049470183956906,1.6834629128769836,1.6834629128769836,0.31489415322580644,0.1349546370967742,0.05783770161290322,-0.9446824596774194,-0.40486391129032256,2.8340473790322585,-0.9446824596774194,-0.40486391129032256,2.8340473790322585,2.8340473790322585,0.63
113,-0.5611543042923278,1.6834629128769834,-0.8818139067450866,-0.8818139067450866,0.31489415322580644,-0.9446824596774193,2.8340473790322576,0.49483366935483875,-1.484501008064516,0.7775957661290324,0.49483366935483875,-1.484501008064516,0.7775957661290324,0.7775957661290324,0.96
114,-0.5611543042923278,1.6834629128769834,-0.8818139067450866,-0.5611543042923278,0.31489415322580644,-0.9446824596774193,2.8340473790322576,0.49483366935483875,-1.484501008064516,0.7775957661290324,0.31489415322580644,-0.9446824596774193,0.49483366935483875,0.31489415322580644,0.92
115,-0.5611543042923278,1.6834629128769834,-0.8818139067450866,-0.24049470183956906,0.31489415322580644,-0.9446824596774193,2.8340473790322576,0.49483366935483875,-1.484501008064516,0.7775957661290324,0.1349546370967742,-0.4048639112903225,0.21207157258064516,0.05783770161290322,0.84
116,-0.5611543042923278,1.6834629128769834,-0.8818139067450866,1.6834629128769836,0.31489415322580644,-0.9446824596774193,2.8340473790322576,0.49483366935483875,-1.484501008064516,0.7775957661290324,-0.9446824596774194,2.834047379032258,-1.4845010080645162,2.8340473790322585,0.78
117,-0.5611543042923278,1.6834629128769834,-0.5611543042923278,-0.8818139067450866,0.31489415322580644,-0.9446824596774193,2.8340473790322576,0.31489415322580644,-0.9446824596774193,0.31489415322580644,0.49483366935483875,-1.484501008064516,0.49483366935483875,0.7775957661290324,0.87
118,-0.5611543042923278,1.6834629128769834,-0.5611543042923278,-0.5611543042923278,0.31489415322580644,-0.9446824596774193,2.8340473790322576,0.31489415322580644,-0.9446824596774193,0.31489415322580644,0.31489415322580644,-0.9446824596774193,0.31489415322580644,0.31489415322580644,0.85
119,-0.5611543042923278,1.6834629128769834,-0.5611543042923278,-0.24049470183956906,0.31489415322580644,-0.9446824596774193,2.8340473790322576,0.31489415322580644,-0.9446824596774193,0.31489415322580644,0.1349546370967742,-0.4048639112903225,0.1349546370967742,0.05783770161290322,0.8
120,-0.5611543042923278,1.6834629128769834,-0.5611543042923278,1.6834629128769836,0.31489415322580644,-0.9446824596774193,2.8340473790322576,0.31489415322580644,-0.9446824596774193,0.31489415322580644,-0.9446824596774194,2.834047379032258,-0.9446824596774194,2.8340473790322585,0.74
121,-0.5611543042923278,1.6834629128769834,-0.24049470183956909,-0.8818139067450866,0.31489415322580644,-0.9446824596774193,2.8340473790322576,0.13495463709677422,-0.40486391129032256,0.05783770161290323,0.49483366935483875,-1.484501008064516,0.21207157258064518,0.7775957661290324,0.83
122,-0.5611543042923278,1.6834629128769834,-0.24049470183956909,-0.5611543042923278,0.31489415322580644,-0.9446824596774193,2.8340473790322576,0.13495463709677422,-0.40486391129032256,0.05783770161290323,0.31489415322580644,-0.9446824596774193,0.13495463709677422,0.31489415322580644,0.89
123,-0.5611543042923278,1.6834629128769834,-0.24049470183956909,-0.24049470183956906,0.31489415322580644,-0.9446824596774193,2.8340473790322576,0.13495463709677422,-0.40486391129032256,0.05783770161290323,0.1349546370967742,-0.4048639112903225,0.057837701612903226,0.05783770161290322,0.76
124,-0.5611543042923278,1.6834629128769834,-0.24049470183956909,1.6834629128769836,0.31489415322580644,-0.9446824596774193,2.8340473790322576,0.13495463709677422,-0.40486391129032256,0.05783770161290323,-0.9446824596774194,2.834047379032258,-0.4048639112903226,2.8340473790322585,0.79
125,-0.5611543042923278,1.6834629128769834,1.6834629128769836,-0.8818139067450866,0.31489415322580644,-0.9446824596774193,2.8340473790322576,-0.9446824596774194,2.834047379032258,2.8340473790322585,0.49483366935483875,-1.484501008064516,-1.4845010080645162,0.7775957661290324,0.81
126,-0.5611543042923278,1.6834629128769834,1.6834629128769836,-0.5611543042923278,0.31489415322580644,-0.9446824596774193,2.8340473790322576,-0.9446824596774194,2.834047379032258,2.8340473790322585,0.31489415322580644,-0.9446824596774193,-0.9446824596774194,0.31489415322580644,0.78
127,-0.5611543042923278,1.6834629128769834,1.6834629128769836,-0.24049470183956906,0.31489415322580644,-0.9446824596774193,2.8340473790322576,-0.9446824596774194,2.834047379032258,2.8340473790322585,0.1349546370967742,-0.4048639112903225,-0.40486391129032256,0.05783770161290322,0.74
128,-0.5611543042923278,1.6834629128769834,1.6834629128769836,1.6834629128769836,0.31489415322580644,-0.9446824596774193,2.8340473790322576,-0.9446824596774194,2.834047379032258,2.8340473790322585,-0.9446824596774194,2.834047379032258,2.8340473790322585,2.8340473790322585,0.68
129,-0.24049470183956909,-0.8818139067450865,-0.8818139067450866,-0.8818139067450866,0.05783770161290323,0.21207157258064516,0.7775957661290321,0.21207157258064518,0.7775957661290323,0.7775957661290324,0.21207157258064518,0.7775957661290323,0.7775957661290324,0.7775957661290324,0.83
130,-0.24049470183956909,-0.8818139067450865,-0.8818139067450866,-0.5611543042923278,0.05783770161290323,0.21207157258064516,0.7775957661290321,0.21207157258064518,0.7775957661290323,0.7775957661290324,0.13495463709677422,0.4948336693548387,0.49483366935483875,0.31489415322580644,0.84
131,-0.24049470183956909,-0.8818139067450865,-0.8818139067450866,-0.24049470183956906,0.05783770161290323,0.21207157258064516,0.7775957661290321,0.21207157258064518,0.7775957661290323,0.7775957661290324,0.057837701612903226,0.21207157258064513,0.21207157258064516,0.05783770161290322,0.81
132,-0.24049470183956909,-0.8818139067450865,-0.8818139067450866,1.6834629128769836,0.05783770161290323,0.21207157258064516,0.7775957661290321,0.21207157258064518,0.7775957661290323,0.7775957661290324,-0.4048639112903226,-1.484501008064516,-1.4845010080645162,2.8340473790322585,0.75
133,-0.24049470183956909,-0.8818139067450865,-0.5611543042923278,-0.8818139067450866,0.05783770161290323,0.21207157258064516,0.7775957661290321,0.13495463709677422,0.4948336693548387,0.31489415322580644,0.21207157258064518,0.7775957661290323,0.49483366935483875,0.7775957661290324,0.87
134,-0.24049470183956909,-0.8818139067450865,-0.5611543042923278,-0.5611543042923278,0.05783770161290323,0.21207157258064516,0.7775957661290321,0.13495463709677422,0.4948336693548387,0.31489415322580644,0.13495463709677422,0.4948336693548387,0.31489415322580644,0.31489415322580644,0.91
135,-0.24049470183956909,-0.8818139067450865,-0.5611543042923278,-0.24049470183956906,0.05783770161290323,0.21207157258064516,0.7775957661290321,0.13495463709677422,0.4948336693548387,0.31489415322580644,0.057837701612903226,0.21207157258064513,0.1349546370967742,0.05783770161290322,0.85
136,-0.24049470183956909,-0.8818139067450865,-0.5611543042923278,1.6834629128769836,0.05783770161290323,0.21207157258064516,0.7775957661290321,0.13495463709677422,0.4948336693548387,0.31489415322580644,-0.4048639112903226,-1.484501008064516,-0.9446824596774194,2.8340473790322585,0.78
137,-0.24049470183956909,-0.8818139067450865,-0.24049470183956909,-0.8818139067450866,0.05783770161290323,0.21207157258064516,0.7775957661290321,0.05783770161290323,0.21207157258064516,0.05783770161290323,0.21207157258064518,0.7775957661290323,0.21207157258064518,0.7775957661290324,0.83
138,-0.24049470183956909,-0.8818139067450865,-0.24049470183956909,-0.5611543042923278,0.05783770161290323,0.21207157258064516,0.7775957661290321,0.05783770161290323,0.21207157258064516,0.05783770161290323,0.13495463709677422,0.4948336693548387,0.13495463709677422,0.31489415322580644,0.84
139,-0.24049470183956909,-0.8818139067450865,-0.24049470183956909,-0.24049470183956906,0.05783770161290323,0.21207157258064516,0.7775957661290321,0.05783770161290323,0.21207157258064516,0.05783770161290323,0.057837701612903226,0.21207157258064513,0.057837701612903226,0.05783770161290322,0.84
140,-0.24049470183956909,-0.8818139067450865,-0.24049470183956909,1.6834629128769836,0.05783770161290323,0.21207157258064516,0.7775957661290321,0.05783770161290323,0.21207157258064516,0.05783770161290323,-0.4048639112903226,-1.484501008064516,-0.4048639112903226,2.8340473790322585,0.66
141,-0.24049470183956909,-0.8818139067450865,1.6834629128769836,-0.8818139067450866,0.05783770161290323,0.21207157258064516,0.7775957661290321,-0.4048639112903226,-1.484501008064516,2.8340473790322585,0.21207157258064518,0.7775957661290323,-1.4845010080645162,0.7775957661290324,0.66
142,-0.24049470183956909,-0.8818139067450865,1.6834629128769836,-0.5611543042923278,0.05783770161290323,0.21207157258064516,0.7775957661290321,-0.4048639112903226,-1.484501008064516,2.8340473790322585,0.13495463709677422,0.4948336693548387,-0.9446824596774194,0.31489415322580644,0.65
143,-0.24049470183956909,-0.8818139067450865,1.6834629128769836,-0.24049470183956906,0.05783770161290323,0.21207157258064516,0.7775957661290321,-0.4048639112903226,-1.484501008064516,2.8340473790322585,0.057837701612903226,0.21207157258064513,-0.40486391129032256,0.05783770161290322,0.69
144,-0.24049470183956909,-0.8818139067450865,1.6834629128769836,1.6834629128769836,0.05783770161290323,0.21207157258064516,0.7775957661290321,-0.4048639112903226,-1.484501008064516,2.8340473790322585,-0.4048639112903226,-1.484501008064516,2.8340473790322585,2.8340473790322585,0.63
145,-0.24049470183956909,-0.5611543042923278,-0.8818139067450866,-0.8818139067450866,0.05783770161290323,0.13495463709677422,0.31489415322580644,0.21207157258064518,0.49483366935483875,0.7775957661290324,0.21207157258064518,0.49483366935483875,0.7775957661290324,0.7775957661290324,0.84
146,-0.24049470183956909,-0.5611543042923278,-0.8818139067450866,-0.5611543042923278,0.05783770161290323,0.13495463709677422,0.31489415322580644,0.21207157258064518,0.49483366935483875,0.7775957661290324,0.13495463709677422,0.31489415322580644,0.49483366935483875,0.31489415322580644,0.81
147,-0.24049470183956909,-0.5611543042923278,-0.8818139067450866,-0.24049470183956906,0.05783770161290323,0.13495463709677422,0.31489415322580644,0.21207157258064518,0.49483366935483875,0.7775957661290324,0.057837701612903226,0.1349546370967742,0.21207157258064516,0.05783770161290322,0.9
148,-0.24049470183956909,-0.5611543042923278,-0.8818139067450866,1.6834629128769836,0.05783770161290323,0.13495463709677422,0.31489415322580644,0.21207157258064518,0.49483366935483875,0.7775957661290324,-0.4048639112903226,-0.9446824596774194,-1.4845010080645162,2.8340473790322585,0.69
149,-0.24049470183956909,-0.5611543042923278,-0.5611543042923278,-0.8818139067450866,0.05783770161290323,0.13495463709677422,0.31489415322580644,0.13495463709677422,0.31489415322580644,0.31489415322580644,0.21207157258064518,0.49483366935483875,0.49483366935483875,0.7775957661290324,0.83
150,-0.24049470183956909,-0.5611543042923278,-0.5611543042923278,-0.5611543042923278,0.05783770161290323,0.13495463709677422,0.31489415322580644,0.13495463709677422,0.31489415322580644,0.31489415322580644,0.13495463709677422,0.31489415322580644,0.31489415322580644,0.31489415322580644,0.88
151,-0.24049470183956909,-0.5611543042923278,-0.5611543042923278,-0.24049470183956906,0.05783770161290323,0.13495463709677422,0.31489415322580644,0.13495463709677422,0.31489415322580644,0.31489415322580644,0.057837701612903226,0.1349546370967742,0.1349546370967742,0.05783770161290322,0.91
152,-0.24049470183956909,-0.5611543042923278,-0.5611543042923278,1.6834629128769836,0.05783770161290323,0.13495463709677422,0.31489415322580644,0.13495463709677422,0.31489415322580644,0.31489415322580644,-0.4048639112903226,-0.9446824596774194,-0.9446824596774194,2.8340473790322585,0.73
153,-0.24049470183956909,-0.5611543042923278,-0.24049470183956909,-0.8818139067450866,0.05783770161290323,0.13495463709677422,0.31489415322580644,0.05783770161290323,0.13495463709677422,0.05783770161290323,0.21207157258064518,0.49483366935483875,0.21207157258064518,0.7775957661290324,0.83
154,-0.24049470183956909,-0.5611543042923278,-0.24049470183956909,-0.5611543042923278,0.05783770161290323,0.13495463709677422,0.31489415322580644,0.05783770161290323,0.13495463709677422,0.05783770161290323,0.13495463709677422,0.31489415322580644,0.13495463709677422,0.31489415322580644,0.79
155,-0.24049470183956909,-0.5611543042923278,-0.24049470183956909,-0.24049470183956906,0.05783770161290323,0.13495463709677422,0.31489415322580644,0.05783770161290323,0.13495463709677422,0.05783770161290323,0.057837701612903226,0.1349546370967742,0.057837701612903226,0.05783770161290322,0.8
156,-0.24049470183956909,-0.5611543042923278,-0.24049470183956909,1.6834629128769836,0.05783770161290323,0.13495463709677422,0.31489415322580644,0.05783770161290323,0.13495463709677422,0.05783770161290323,-0.4048639112903226,-0.9446824596774194,-0.4048639112903226,2.8340473790322585,0.63
157,-0.24049470183956909,-0.5611543042923278,1.6834629128769836,-0.8818139067450866,0.05783770161290323,0.13495463709677422,0.31489415322580644,-0.4048639112903226,-0.9446824596774194,2.8340473790322585,0.21207157258064518,0.49483366935483875,-1.4845010080645162,0.7775957661290324,0.74
158,-0.24049470183956909,-0.5611543042923278,1.6834629128769836,-0.5611543042923278,0.05783770161290323,0.13495463709677422,0.31489415322580644,-0.4048639112903226,-0.9446824596774194,2.8340473790322585,0.13495463709677422,0.31489415322580644,-0.9446824596774194,0.31489415322580644,0.75
159,-0.24049470183956909,-0.5611543042923278,1.6834629128769836,-0.24049470183956906,0.05783770161290323,0.13495463709677422,0.31489415322580644,-0.4048639112903226,-0.9446824596774194,2.8340473790322585,0.057837701612903226,0.1349546370967742,-0.40486391129032256,0.05783770161290322,0.79
160,-0.24049470183956909,-0.5611543042923278,1.6834629128769836,1.6834629128769836,0.05783770161290323,0.13495463709677422,0.31489415322580644,-0.4048639112903226,-0.9446824596774194,2.8340473790322585,-0.4048639112903226,-0.9446824596774194,2.8340473790322585,2.8340473790322585,0.56
161,-0.24049470183956909,-0.24049470183956906,-0.8818139067450866,-0.8818139067450866,0.05783770161290323,0.057837701612903226,0.05783770161290322,0.21207157258064518,0.21207157258064516,0.7775957661290324,0.21207157258064518,0.21207157258064516,0.7775957661290324,0.7775957661290324,0.97
162,-0.24049470183956909,-0.24049470183956906,-0.8818139067450866,-0.5611543042923278,0.05783770161290323,0.057837701612903226,0.05783770161290322,0.21207157258064518,0.21207157258064516,0.7775957661290324,0.13495463709677422,0.1349546370967742,0.49483366935483875,0.31489415322580644,0.91
163,-0.24049470183956909,-0.24049470183956906,-0.8818139067450866,-0.24049470183956906,0.05783770161290323,0.057837701612903226,0.05783770161290322,0.21207157258064518,0.21207157258064516,0.7775957661290324,0.057837701612903226,0.05783770161290322,0.21207157258064516,0.05783770161290322,0.89
164,-0.24049470183956909,-0.24049470183956906,-0.8818139067450866,1.6834629128769836,0.05783770161290323,0.057837701612903226,0.05783770161290322,0.21207157258064518,0.21207157258064516,0.7775957661290324,-0.4048639112903226,-0.40486391129032256,-1.4845010080645162,2.8340473790322585,0.78
165,-0.24049470183956909,-0.24049470183956906,-0.5611543042923278,-0.8818139067450866,0.05783770161290323,0.057837701612903226,0.05783770161290322,0.13495463709677422,0.1349546370967742,0.31489415322580644,0.21207157258064518,0.21207157258064516,0.49483366935483875,0.7775957661290324,0.89
166,-0.24049470183956909,-0.24049470183956906,-0.5611543042923278,-0.5611543042923278,0.05783770161290323,0.057837701612903226,0.05783770161290322,0.13495463709677422,0.1349546370967742,0.31489415322580644,0.13495463709677422,0.1349546370967742,0.31489415322580644,0.31489415322580644,0.89
167,-0.24049470183956909,-0.24049470183956906,-0.5611543042923278,-0.24049470183956906,0.05783770161290323,0.057837701612903226,0.05783770161290322,0.13495463709677422,0.1349546370967742,0.31489415322580644,0.057837701612903226,0.05783770161290322,0.1349546370967742,0.05783770161290322,0.84
168,-0.24049470183956909,-0.24049470183956906,-0.5611543042923278,1.6834629128769836,0.05783770161290323,0.057837701612903226,0.05783770161290322,0.13495463709677422,0.1349546370967742,0.31489415322580644,-0.4048639112903226,-0.40486391129032256,-0.9446824596774194,2.8340473790322585,0.65
169,-0.24049470183956909,-0.24049470183956906,-0.24049470183956909,-0.8818139067450866,0.05783770161290323,0.057837701612903226,0.05783770161290322,0.05783770161290323,0.057837701612903226,0.05783770161290323,0.21207157258064518,0.21207157258064516,0.21207157258064518,0.7775957661290324,0.81
170,-0.24049470183956909,-0.24049470183956906,-0.24049470183956909,-0.5611543042923278,0.05783770161290323,0.057837701612903226,0.05783770161290322,0.05783770161290323,0.057837701612903226,0.05783770161290323,0.13495463709677422,0.1349546370967742,0.13495463709677422,0.31489415322580644,0.83
171,-0.24049470183956909,-0.24049470183956906,-0.24049470183956909,-0.24049470183956906,0.05783770161290323,0.057837701612903226,0.05783770161290322,0.05783770161290323,0.057837701612903226,0.05783770161290323,0.057837701612903226,0.05783770161290322,0.057837701612903226,0.05783770161290322,0.79
172,-0.24049470183956909,-0.24049470183956906,-0.24049470183956909,1.6834629128769836,0.05783770161290323,0.057837701612903226,0.05783770161290322,0.05783770161290323,0.057837701612903226,0.05783770161290323,-0.4048639112903226,-0.40486391129032256,-0.4048639112903226,2.8340473790322585,0.67
173,-0.24049470183956909,-0.24049470183956906,1.6834629128769836,-0.8818139067450866,0.05783770161290323,0.057837701612903226,0.05783770161290322,-0.4048639112903226,-0.40486391129032256,2.8340473790322585,0.21207157258064518,0.21207157258064516,-1.4845010080645162,0.7775957661290324,0.73
174,-0.24049470183956909,-0.24049470183956906,1.6834629128769836,-0.5611543042923278,0.05783770161290323,0.057837701612903226,0.05783770161290322,-0.4048639112903226,-0.40486391129032256,2.8340473790322585,0.13495463709677422,0.1349546370967742,-0.9446824596774194,0.31489415322580644,0.73
175,-0.24049470183956909,-0.24049470183956906,1.6834629128769836,-0.24049470183956906,0.05783770161290323,0.057837701612903226,0.05783770161290322,-0.4048639112903226,-0.40486391129032256,2.8340473790322585,0.057837701612903226,0.05783770161290322,-0.40486391129032256,0.05783770161290322,0.73
176,-0.24049470183956909,-0.24049470183956906,1.6834629128769836,1.6834629128769836,0.05783770161290323,0.057837701612903226,0.05783770161290322,-0.4048639112903226,-0.40486391129032256,2.8340473790322585,-0.4048639112903226,-0.40486391129032256,2.8340473790322585,2.8340473790322585,0.6
177,-0.24049470183956909,1.6834629128769834,-0.8818139067450866,-0.8818139067450866,0.05783770161290323,-0.40486391129032256,2.8340473790322576,0.21207157258064518,-1.484501008064516,0.7775957661290324,0.21207157258064518,-1.484501008064516,0.7775957661290324,0.7775957661290324,0.86
178,-0.24049470183956909,1.6834629128769834,-0.8818139067450866,-0.5611543042923278,0.05783770161290323,-0.40486391129032256,2.8340473790322576,0.21207157258064518,-1.484501008064516,0.7775957661290324,0.13495463709677422,-0.9446824596774193,0.49483366935483875,0.31489415322580644,0.8
179,-0.24049470183956909,1.6834629128769834,-0.8818139067450866,-0.24049470183956906,0.05783770161290323,-0.40486391129032256,2.8340473790322576,0.21207157258064518,-1.484501008064516,0.7775957661290324,0.057837701612903226,-0.4048639112903225,0.21207157258064516,0.05783770161290322,0.79
180,-0.24049470183956909,1.6834629128769834,-0.8818139067450866,1.6834629128769836,0.05783770161290323,-0.40486391129032256,2.8340473790322576,0.21207157258064518,-1.484501008064516,0.7775957661290324,-0.4048639112903226,2.834047379032258,-1.4845010080645162,2.8340473790322585,0.73
181,-0.24049470183956909,1.6834629128769834,-0.5611543042923278,-0.8818139067450866,0.05783770161290323,-0.40486391129032256,2.8340473790322576,0.13495463709677422,-0.9446824596774193,0.31489415322580644,0.21207157258064518,-1.484501008064516,0.49483366935483875,0.7775957661290324,0.77
182,-0.24049470183956909,1.6834629128769834,-0.5611543042923278,-0.5611543042923278,0.05783770161290323,-0.40486391129032256,2.8340473790322576,0.13495463709677422,-0.9446824596774193,0.31489415322580644,0.13495463709677422,-0.9446824596774193,0.31489415322580644,0.31489415322580644,0.82
183,-0.24049470183956909,1.6834629128769834,-0.5611543042923278,-0.24049470183956906,0.05783770161290323,-0.40486391129032256,2.8340473790322576,0.13495463709677422,-0.9446824596774193,0.31489415322580644,0.057837701612903226,-0.4048639112903225,0.1349546370967742,0.05783770161290322,0.86
184,-0.24049470183956909,1.6834629128769834,-0.5611543042923278,1.6834629128769836,0.05783770161290323,-0.40486391129032256,2.8340473790322576,0.13495463709677422,-0.9446824596774193,0.31489415322580644,-0.4048639112903226,2.834047379032258,-0.9446824596774194,2.8340473790322585,0.68
185,-0.24049470183956909,1.6834629128769834,-0.24049470183956909,-0.8818139067450866,0.05783770161290323,-0.40486391129032256,2.8340473790322576,0.05783770161290323,-0.40486391129032256,0.05783770161290323,0.21207157258064518,-1.484501008064516,0.21207157258064518,0.7775957661290324,0.79
186,-0.24049470183956909,1.6834629128769834,-0.24049470183956909,-0.5611543042923278,0.05783770161290323,-0.40486391129032256,2.8340473790322576,0.05783770161290323,-0.40486391129032256,0.05783770161290323,0.13495463709677422,-0.9446824596774193,0.13495463709677422,0.31489415322580644,0.96
187,-0.24049470183956909,1.6834629128769834,-0.24049470183956909,-0.24049470183956906,0.05783770161290323,-0.40486391129032256,2.8340473790322576,0.05783770161290323,-0.40486391129032256,0.05783770161290323,0.057837701612903226,-0.4048639112903225,0.057837701612903226,0.05783770161290322,0.78
188,-0.24049470183956909,1.6834629128769834,-0.24049470183956909,1.6834629128769836,0.05783770161290323,-0.40486391129032256,2.8340473790322576,0.05783770161290323,-0.40486391129032256,0.05783770161290323,-0.4048639112903226,2.834047379032258,-0.4048639112903226,2.8340473790322585,0.72
189,-0.24049470183956909,1.6834629128769834,1.6834629128769836,-0.8818139067450866,0.05783770161290323,-0.40486391129032256,2.8340473790322576,-0.4048639112903226,2.834047379032258,2.8340473790322585,0.21207157258064518,-1.484501008064516,-1.4845010080645162,0.7775957661290324,0.72
190,-0.24049470183956909,1.6834629128769834,1.6834629128769836,-0.5611543042923278,0.05783770161290323,-0.40486391129032256,2.8340473790322576,-0.4048639112903226,2.834047379032258,2.8340473790322585,0.13495463709677422,-0.9446824596774193,-0.9446824596774194,0.31489415322580644,0.71
191,-0.24049470183956909,1.6834629128769834,1.6834629128769836,-0.24049470183956906,0.05783770161290323,-0.40486391129032256,2.8340473790322576,-0.4048639112903226,2.834047379032258,2.8340473790322585,0.057837701612903226,-0.4048639112903225,-0.40486391129032256,0.05783770161290322,0.69
192,-0.24049470183956909,1.6834629128769834,1.6834629128769836,1.6834629128769836,0.05783770161290323,-0.40486391129032256,2.8340473790322576,-0.4048639112903226,2.834047379032258,2.8340473790322585,-0.4048639112903226,2.834047379032258,2.8340473790322585,2.8340473790322585,0.65
193,1.6834629128769836,-0.8818139067450865,-0.8818139067450866,-0.8818139067450866,2.8340473790322585,-1.484501008064516,0.7775957661290321,-1.4845010080645162,0.7775957661290323,0.7775957661290324,-1.4845010080645162,0.7775957661290323,0.7775957661290324,0.7775957661290324,0.54
194,1.6834629128769836,-0.8818139067450865,-0.8818139067450866,-0.5611543042923278,2.8340473790322585,-1.484501008064516,0.7775957661290321,-1.4845010080645162,0.7775957661290323,0.7775957661290324,-0.9446824596774194,0.4948336693548387,0.49483366935483875,0.31489415322580644,0.58
195,1.6834629128769836,-0.8818139067450865,-0.8818139067450866,-0.24049470183956906,2.8340473790322585,-1.484501008064516,0.7775957661290321,-1.4845010080645162,0.7775957661290323,0.7775957661290324,-0.40486391129032256,0.21207157258064513,0.21207157258064516,0.05783770161290322,0.58
196,1.6834629128769836,-0.8818139067450865,-0.8818139067450866,1.6834629128769836,2.8340473790322585,-1.484501008064516,0.7775957661290321,-1.4845010080645162,0.7775957661290323,0.7775957661290324,2.8340473790322585,-1.484501008064516,-1.4845010080645162,2.8340473790322585,0.59
197,1.6834629128769836,-0.8818139067450865,-0.5611543042923278,-0.8818139067450866,2.8340473790322585,-1.484501008064516,0.7775957661290321,-0.9446824596774194,0.4948336693548387,0.31489415322580644,-1.4845010080645162,0.7775957661290323,0.49483366935483875,0.7775957661290324,0.76
198,1.6834629128769836,-0.8818139067450865,-0.5611543042923278,-0.5611543042923278,2.8340473790322585,-1.484501008064516,0.7775957661290321,-0.9446824596774194,0.4948336693548387,0.31489415322580644,-0.9446824596774194,0.4948336693548387,0.31489415322580644,0.31489415322580644,0.74
199,1.6834629128769836,-0.8818139067450865,-0.5611543042923278,-0.24049470183956906,2.8340473790322585,-1.484501008064516,0.7775957661290321,-0.9446824596774194,0.4948336693548387,0.31489415322580644,-0.40486391129032256,0.21207157258064513,0.1349546370967742,0.05783770161290322,0.79
200,1.6834629128769836,-0.8818139067450865,-0.5611543042923278,1.6834629128769836,2.8340473790322585,-1.484501008064516,0.7775957661290321,-0.9446824596774194,0.4948336693548387,0.31489415322580644,2.8340473790322585,-1.484501008064516,-0.9446824596774194,2.8340473790322585,0.62
201,1.6834629128769836,-0.8818139067450865,-0.24049470183956909,-0.8818139067450866,2.8340473790322585,-1.484501008064516,0.7775957661290321,-0.4048639112903226,0.21207157258064516,0.05783770161290323,-1.4845010080645162,0.7775957661290323,0.21207157258064518,0.7775957661290324,0.74
202,1.6834629128769836,-0.8818139067450865,-0.24049470183956909,-0.5611543042923278,2.8340473790322585,-1.484501008064516,0.7775957661290321,-0.4048639112903226,0.21207157258064516,0.05783770161290323,-0.9446824596774194,0.4948336693548387,0.13495463709677422,0.31489415322580644,0.75
203,1.6834629128769836,-0.8818139067450865,-0.24049470183956909,-0.24049470183956906,2.8340473790322585,-1.484501008064516,0.7775957661290321,-0.4048639112903226,0.21207157258064516,0.05783770161290323,-0.40486391129032256,0.21207157258064513,0.057837701612903226,0.05783770161290322,0.74
204,1.6834629128769836,-0.8818139067450865,-0.24049470183956909,1.6834629128769836,2.8340473790322585,-1.484501008064516,0.7775957661290321,-0.4048639112903226,0.21207157258064516,0.05783770161290323,2.8340473790322585,-1.484501008064516,-0.4048639112903226,2.8340473790322585,0.65
205,1.6834629128769836,-0.8818139067450865,1.6834629128769836,-0.8818139067450866,2.8340473790322585,-1.484501008064516,0.7775957661290321,2.8340473790322585,-1.484501008064516,2.8340473790322585,-1.4845010080645162,0.7775957661290323,-1.4845010080645162,0.7775957661290324,0.75
206,1.6834629128769836,-0.8818139067450865,1.6834629128769836,-0.5611543042923278,2.8340473790322585,-1.484501008064516,0.7775957661290321,2.8340473790322585,-1.484501008064516,2.8340473790322585,-0.9446824596774194,0.4948336693548387,-0.9446824596774194,0.31489415322580644,0.73
207,1.6834629128769836,-0.8818139067450865,1.6834629128769836,-0.24049470183956906,2.8340473790322585,-1.484501008064516,0.7775957661290321,2.8340473790322585,-1.484501008064516,2.8340473790322585,-0.40486391129032256,0.21207157258064513,-0.40486391129032256,0.05783770161290322,0.68
208,1.6834629128769836,-0.8818139067450865,1.6834629128769836,1.6834629128769836,2.8340473790322585,-1.484501008064516,0.7775957661290321,2.8340473790322585,-1.484501008064516,2.8340473790322585,2.8340473790322585,-1.484501008064516,2.8340473790322585,2.8340473790322585,0.64
209,1.6834629128769836,-0.5611543042923278,-0.8818139067450866,-0.8818139067450866,2.8340473790322585,-0.9446824596774194,0.31489415322580644,-1.4845010080645162,0.49483366935483875,0.7775957661290324,-1.4845010080645162,0.49483366935483875,0.7775957661290324,0.7775957661290324,0.75
210,1.6834629128769836,-0.5611543042923278,-0.8818139067450866,-0.5611543042923278,2.8340473790322585,-0.9446824596774194,0.31489415322580644,-1.4845010080645162,0.49483366935483875,0.7775957661290324,-0.9446824596774194,0.31489415322580644,0.49483366935483875,0.31489415322580644,0.69
211,1.6834629128769836,-0.5611543042923278,-0.8818139067450866,-0.24049470183956906,2.8340473790322585,-0.9446824596774194,0.31489415322580644,-1.4845010080645162,0.49483366935483875,0.7775957661290324,-0.40486391129032256,0.1349546370967742,0.21207157258064516,0.05783770161290322,0.74
212,1.6834629128769836,-0.5611543042923278,-0.8818139067450866,1.6834629128769836,2.8340473790322585,-0.9446824596774194,0.31489415322580644,-1.4845010080645162,0.49483366935483875,0.7775957661290324,2.8340473790322585,-0.9446824596774194,-1.4845010080645162,2.8340473790322585,0.67
213,1.6834629128769836,-0.5611543042923278,-0.5611543042923278,-0.8818139067450866,2.8340473790322585,-0.9446824596774194,0.31489415322580644,-0.9446824596774194,0.31489415322580644,0.31489415322580644,-1.4845010080645162,0.49483366935483875,0.49483366935483875,0.7775957661290324,0.79
214,1.6834629128769836,-0.5611543042923278,-0.5611543042923278,-0.5611543042923278,2.8340473790322585,-0.9446824596774194,0.31489415322580644,-0.9446824596774194,0.31489415322580644,0.31489415322580644,-0.9446824596774194,0.31489415322580644,0.31489415322580644,0.31489415322580644,0.81
215,1.6834629128769836,-0.5611543042923278,-0.5611543042923278,-0.24049470183956906,2.8340473790322585,-0.9446824596774194,0.31489415322580644,-0.9446824596774194,0.31489415322580644,0.31489415322580644,-0.40486391129032256,0.1349546370967742,0.1349546370967742,0.05783770161290322,0.77
216,1.6834629128769836,-0.5611543042923278,-0.5611543042923278,1.6834629128769836,2.8340473790322585,-0.9446824596774194,0.31489415322580644,-0.9446824596774194,0.31489415322580644,0.31489415322580644,2.8340473790322585,-0.9446824596774194,-0.9446824596774194,2.8340473790322585,0.67
217,1.6834629128769836,-0.5611543042923278,-0.24049470183956909,-0.8818139067450866,2.8340473790322585,-0.9446824596774194,0.31489415322580644,-0.4048639112903226,0.13495463709677422,0.05783770161290323,-1.4845010080645162,0.49483366935483875,0.21207157258064518,0.7775957661290324,0.83
218,1.6834629128769836,-0.5611543042923278,-0.24049470183956909,-0.5611543042923278,2.8340473790322585,-0.9446824596774194,0.31489415322580644,-0.4048639112903226,0.13495463709677422,0.05783770161290323,-0.9446824596774194,0.31489415322580644,0.13495463709677422,0.31489415322580644,0.75
219,1.6834629128769836,-0.5611543042923278,-0.24049470183956909,-0.24049470183956906,2.8340473790322585,-0.9446824596774194,0.31489415322580644,-0.4048639112903226,0.13495463709677422,0.05783770161290323,-0.40486391129032256,0.1349546370967742,0.057837701612903226,0.05783770161290322,0.64
220,1.6834629128769836,-0.5611543042923278,-0.24049470183956909,1.6834629128769836,2.8340473790322585,-0.9446824596774194,0.31489415322580644,-0.4048639112903226,0.13495463709677422,0.05783770161290323,2.8340473790322585,-0.9446824596774194,-0.4048639112903226,2.8340473790322585,0.6
221,1.6834629128769836,-0.5611543042923278,1.6834629128769836,-0.8818139067450866,2.8340473790322585,-0.9446824596774194,0.31489415322580644,2.8340473790322585,-0.9446824596774194,2.8340473790322585,-1.4845010080645162,0.49483366935483875,-1.4845010080645162,0.7775957661290324,0.59
222,1.6834629128769836,-0.5611543042923278,1.6834629128769836,-0.5611543042923278,2.8340473790322585,-0.9446824596774194,0.31489415322580644,2.8340473790322585,-0.9446824596774194,2.8340473790322585,-0.9446824596774194,0.31489415322580644,-0.9446824596774194,0.31489415322580644,0.56
223,1.6834629128769836,-0.5611543042923278,1.6834629128769836,-0.24049470183956906,2.8340473790322585,-0.9446824596774194,0.31489415322580644,2.8340473790322585,-0.9446824596774194,2.8340473790322585,-0.40486391129032256,0.1349546370967742,-0.40486391129032256,0.05783770161290322,0.53
224,1.6834629128769836,-0.5611543042923278,1.6834629128769836,1.6834629128769836,2.8340473790322585,-0.9446824596774194,0.31489415322580644,2.8340473790322585,-0.9446824596774194,2.8340473790322585,2.8340473790322585,-0.9446824596774194,2.8340473790322585,2.8340473790322585,0.46
225,1.6834629128769836,-0.24049470183956906,-0.8818139067450866,-0.8818139067450866,2.8340473790322585,-0.40486391129032256,0.05783770161290322,-1.4845010080645162,0.21207157258064516,0.7775957661290324,-1.4845010080645162,0.21207157258064516,0.7775957661290324,0.7775957661290324,0.51
226,1.6834629128769836,-0.24049470183956906,-0.8818139067450866,-0.5611543042923278,2.8340473790322585,-0.40486391129032256,0.05783770161290322,-1.4845010080645162,0.21207157258064516,0.7775957661290324,-0.9446824596774194,0.1349546370967742,0.49483366935483875,0.31489415322580644,0.58
227,1.6834629128769836,-0.24049470183956906,-0.8818139067450866,-0.24049470183956906,2.8340473790322585,-0.40486391129032256,0.05783770161290322,-1.4845010080645162,0.21207157258064516,0.7775957661290324,-0.40486391129032256,0.05783770161290322,0.21207157258064516,0.05783770161290322,0.57
228,1.6834629128769836,-0.24049470183956906,-0.8818139067450866,1.6834629128769836,2.8340473790322585,-0.40486391129032256,0.05783770161290322,-1.4845010080645162,0.21207157258064516,0.7775957661290324,2.8340473790322585,-0.40486391129032256,-1.4845010080645162,2.8340473790322585,0.54
229,1.6834629128769836,-0.24049470183956906,-0.5611543042923278,-0.8818139067450866,2.8340473790322585,-0.40486391129032256,0.05783770161290322,-0.9446824596774194,0.1349546370967742,0.31489415322580644,-1.4845010080645162,0.21207157258064516,0.49483366935483875,0.7775957661290324,0.66
230,1.6834629128769836,-0.24049470183956906,-0.5611543042923278,-0.5611543042923278,2.8340473790322585,-0.40486391129032256,0.05783770161290322,-0.9446824596774194,0.1349546370967742,0.31489415322580644,-0.9446824596774194,0.1349546370967742,0.31489415322580644,0.31489415322580644,0.68
231,1.6834629128769836,-0.24049470183956906,-0.5611543042923278,-0.24049470183956906,2.8340473790322585,-0.40486391129032256,0.05783770161290322,-0.9446824596774194,0.1349546370967742,0.31489415322580644,-0.40486391129032256,0.05783770161290322,0.1349546370967742,0.05783770161290322,0.65
232,1.6834629128769836,-0.24049470183956906,-0.5611543042923278,1.6834629128769836,2.8340473790322585,-0.40486391129032256,0.05783770161290322,-0.9446824596774194,0.1349546370967742,0.31489415322580644,2.8340473790322585,-0.40486391129032256,-0.9446824596774194,2.8340473790322585,0.58
233,1.6834629128769836,-0.24049470183956906,-0.24049470183956909,-0.8818139067450866,2.8340473790322585,-0.40486391129032256,0.05783770161290322,-0.4048639112903226,0.057837701612903226,0.05783770161290323,-1.4845010080645162,0.21207157258064516,0.21207157258064518,0.7775957661290324,0.59
234,1.6834629128769836,-0.24049470183956906,-0.24049470183956909,-0.5611543042923278,2.8340473790322585,-0.40486391129032256,0.05783770161290322,-0.4048639112903226,0.057837701612903226,0.05783770161290323,-0.9446824596774194,0.1349546370967742,0.13495463709677422,0.31489415322580644,0.63
235,1.6834629128769836,-0.24049470183956906,-0.24049470183956909,-0.24049470183956906,2.8340473790322585,-0.40486391129032256,0.05783770161290322,-0.4048639112903226,0.057837701612903226,0.05783770161290323,-0.40486391129032256,0.05783770161290322,0.057837701612903226,0.05783770161290322,0.57
236,1.6834629128769836,-0.24049470183956906,-0.24049470183956909,1.6834629128769836,2.8340473790322585,-0.40486391129032256,0.05783770161290322,-0.4048639112903226,0.057837701612903226,0.05783770161290323,2.8340473790322585,-0.40486391129032256,-0.4048639112903226,2.8340473790322585,0.5
237,1.6834629128769836,-0.24049470183956906,1.6834629128769836,-0.8818139067450866,2.8340473790322585,-0.40486391129032256,0.05783770161290322,2.8340473790322585,-0.40486391129032256,2.8340473790322585,-1.4845010080645162,0.21207157258064516,-1.4845010080645162,0.7775957661290324,0.5
238,1.6834629128769836,-0.24049470183956906,1.6834629128769836,-0.5611543042923278,2.8340473790322585,-0.40486391129032256,0.05783770161290322,2.8340473790322585,-0.40486391129032256,2.8340473790322585,-0.9446824596774194,0.1349546370967742,-0.9446824596774194,0.31489415322580644,0.5
239,1.6834629128769836,-0.24049470183956906,1.6834629128769836,-0.24049470183956906,2.8340473790322585,-0.40486391129032256,0.05783770161290322,2.8340473790322585,-0.40486391129032256,2.8340473790322585,-0.40486391129032256,0.05783770161290322,-0.40486391129032256,0.05783770161290322,0.49
240,1.6834629128769836,-0.24049470183956906,1.6834629128769836,1.6834629128769836,2.8340473790322585,-0.40486391129032256,0.05783770161290322,2.8340473790322585,-0.40486391129032256,2.8340473790322585,2.8340473790322585,-0.40486391129032256,2.8340473790322585,2.8340473790322585,0.42
241,1.6834629128769836,1.6834629128769834,-0.8818139067450866,-0.8818139067450866,2.8340473790322585,2.834047379032258,2.8340473790322576,-1.4845010080645162,-1.484501008064516,0.7775957661290324,-1.4845010080645162,-1.484501008064516,0.7775957661290324,0.7775957661290324,0.59
242,1.6834629128769836,1.6834629128769834,-0.8818139067450866,-0.5611543042923278,2.8340473790322585,2.834047379032258,2.8340473790322576,-1.4845010080645162,-1.484501008064516,0.7775957661290324,-0.9446824596774194,-0.9446824596774193,0.49483366935483875,0.31489415322580644,0.61
243,1.6834629128769836,1.6834629128769834,-0.8818139067450866,-0.24049470183956906,2.8340473790322585,2.834047379032258,2.8340473790322576,-1.4845010080645162,-1.484501008064516,0.7775957661290324,-0.40486391129032256,-0.4048639112903225,0.21207157258064516,0.05783770161290322,0.66
244,1.6834629128769836,1.6834629128769834,-0.8818139067450866,1.6834629128769836,2.8340473790322585,2.834047379032258,2.8340473790322576,-1.4845010080645162,-1.484501008064516,0.7775957661290324,2.8340473790322585,2.834047379032258,-1.4845010080645162,2.8340473790322585,0.53
245,1.6834629128769836,1.6834629128769834,-0.5611543042923278,-0.8818139067450866,2.8340473790322585,2.834047379032258,2.8340473790322576,-0.9446824596774194,-0.9446824596774193,0.31489415322580644,-1.4845010080645162,-1.484501008064516,0.49483366935483875,0.7775957661290324,0.64
246,1.6834629128769836,1.6834629128769834,-0.5611543042923278,-0.5611543042923278,2.8340473790322585,2.834047379032258,2.8340473790322576,-0.9446824596774194,-0.9446824596774193,0.31489415322580644,-0.9446824596774194,-0.9446824596774193,0.31489415322580644,0.31489415322580644,0.7
247,1.6834629128769836,1.6834629128769834,-0.5611543042923278,-0.24049470183956906,2.8340473790322585,2.834047379032258,2.8340473790322576,-0.9446824596774194,-0.9446824596774193,0.31489415322580644,-0.40486391129032256,-0.4048639112903225,0.1349546370967742,0.05783770161290322,0.66
248,1.6834629128769836,1.6834629128769834,-0.5611543042923278,1.6834629128769836,2.8340473790322585,2.834047379032258,2.8340473790322576,-0.9446824596774194,-0.9446824596774193,0.31489415322580644,2.8340473790322585,2.834047379032258,-0.9446824596774194,2.8340473790322585,0.51
249,1.6834629128769836,1.6834629128769834,-0.24049470183956909,-0.8818139067450866,2.8340473790322585,2.834047379032258,2.8340473790322576,-0.4048639112903226,-0.40486391129032256,0.05783770161290323,-1.4845010080645162,-1.484501008064516,0.21207157258064518,0.7775957661290324,0.62
250,1.6834629128769836,1.6834629128769834,-0.24049470183956909,-0.5611543042923278,2.8340473790322585,2.834047379032258,2.8340473790322576,-0.4048639112903226,-0.40486391129032256,0.05783770161290323,-0.9446824596774194,-0.9446824596774193,0.13495463709677422,0.31489415322580644,0.55
251,1.6834629128769836,1.6834629128769834,-0.24049470183956909,-0.24049470183956906,2.8340473790322585,2.834047379032258,2.8340473790322576,-0.4048639112903226,-0.40486391129032256,0.05783770161290323,-0.40486391129032256,-0.4048639112903225,0.057837701612903226,0.05783770161290322,0.57
252,1.6834629128769836,1.6834629128769834,-0.24049470183956909,1.6834629128769836,2.8340473790322585,2.834047379032258,2.8340473790322576,-0.4048639112903226,-0.40486391129032256,0.05783770161290323,2.8340473790322585,2.834047379032258,-0.4048639112903226,2.8340473790322585,0.47
253,1.6834629128769836,1.6834629128769834,1.6834629128769836,-0.8818139067450866,2.8340473790322585,2.834047379032258,2.8340473790322576,2.8340473790322585,2.834047379032258,2.8340473790322585,-1.4845010080645162,-1.484501008064516,-1.4845010080645162,0.7775957661290324,0.55
254,1.6834629128769836,1.6834629128769834,1.6834629128769836,-0.5611543042923278,2.8340473790322585,2.834047379032258,2.8340473790322576,2.8340473790322585,2.834047379032258,2.8340473790322585,-0.9446824596774194,-0.9446824596774193,-0.9446824596774194,0.31489415322580644,0.53
255,1.6834629128769836,1.6834629128769834,1.6834629128769836,-0.24049470183956906,2.8340473790322585,2.834047379032258,2.8340473790322576,2.8340473790322585,2.834047379032258,2.8340473790322585,-0.40486391129032256,-0.4048639112903225,-0.40486391129032256,0.05783770161290322,0.55
256,1.6834629128769836,1.6834629128769834,1.6834629128769836,1.6834629128769836,2.8340473790322585,2.834047379032258,2.8340473790322576,2.8340473790322585,2.834047379032258,2.8340473790322585,2.8340473790322585,2.834047379032258,2.8340473790322585,2.8340473790322585,0.47
