DROP SCHEMA IF EXISTS drug_combo CASCADE;
CREATE SCHEMA drug_combo;
SET search_path TO drug_combo, public;

CREATE TABLE drugs (
    drug_id SMALLINT PRIMARY KEY,
    drug_key TEXT NOT NULL UNIQUE,
    drug_name TEXT NOT NULL UNIQUE,
    max_tested_dose NUMERIC(10,3) NOT NULL CHECK (max_tested_dose >= 0)
);

CREATE TABLE observations (
    observation_id INTEGER PRIMARY KEY,
    cell_viability NUMERIC(10,4) NOT NULL CHECK (cell_viability >= 0)
);

CREATE TABLE observation_doses (
    observation_id INTEGER NOT NULL REFERENCES observations(observation_id) ON DELETE CASCADE,
    drug_id SMALLINT NOT NULL REFERENCES drugs(drug_id),
    dose_level NUMERIC(10,3) NOT NULL CHECK (dose_level >= 0),
    PRIMARY KEY (observation_id, drug_id)
);

CREATE TABLE model_performance (
    model_name TEXT NOT NULL,
    normalization TEXT NOT NULL,
    test_mse NUMERIC(10,6) NOT NULL CHECK (test_mse >= 0),
    rank_within_normalization SMALLINT NOT NULL CHECK (rank_within_normalization >= 1),
    PRIMARY KEY (model_name, normalization)
);

CREATE INDEX idx_observation_doses_drug_level
    ON observation_doses (drug_id, dose_level);

CREATE INDEX idx_model_performance_norm_rank
    ON model_performance (normalization, rank_within_normalization);

SET search_path TO drug_combo, public;

INSERT INTO drugs (drug_id, drug_key, drug_name, max_tested_dose) VALUES
    (1, 'vincristine', 'Vincristine', 50),
    (2, 'mitoxantrone', 'Mitoxantrone', 40),
    (3, 'etoposide', 'Etoposide', 100),
    (4, 'daunorubicin', 'Daunorubicin', 75);

INSERT INTO observations (observation_id, cell_viability) VALUES
    (1, 1),
    (2, 0.9),
    (3, 0.93),
    (4, 0.9),
    (5, 0.83),
    (6, 0.84),
    (7, 0.89),
    (8, 0.86),
    (9, 0.91),
    (10, 0.96),
    (11, 0.91),
    (12, 0.89),
    (13, 0.8),
    (14, 0.8),
    (15, 0.79),
    (16, 0.77),
    (17, 0.91),
    (18, 0.88),
    (19, 0.84),
    (20, 0.86),
    (21, 0.89),
    (22, 0.9),
    (23, 0.88),
    (24, 0.84),
    (25, 0.88),
    (26, 0.86),
    (27, 0.81),
    (28, 0.82),
    (29, 0.82),
    (30, 0.83),
    (31, 0.81),
    (32, 0.75),
    (33, 0.87),
    (34, 0.9),
    (35, 0.9),
    (36, 0.78),
    (37, 0.9),
    (38, 0.89),
    (39, 0.88),
    (40, 0.94),
    (41, 0.92),
    (42, 0.93),
    (43, 0.82),
    (44, 0.8),
    (45, 0.82),
    (46, 0.8),
    (47, 0.88),
    (48, 0.76),
    (49, 0.93),
    (50, 0.92),
    (51, 0.86),
    (52, 0.84),
    (53, 1.01),
    (54, 0.83),
    (55, 0.82),
    (56, 0.79),
    (57, 0.86),
    (58, 0.85),
    (59, 0.81),
    (60, 0.77),
    (61, 0.83),
    (62, 0.82),
    (63, 0.77),
    (64, 0.73),
    (65, 0.87),
    (66, 0.92),
    (67, 0.89),
    (68, 0.87),
    (69, 0.91),
    (70, 0.91),
    (71, 0.8),
    (72, 0.79),
    (73, 0.86),
    (74, 0.87),
    (75, 0.76),
    (76, 0.78),
    (77, 0.81),
    (78, 0.77),
    (79, 0.75),
    (80, 0.7),
    (81, 0.97),
    (82, 0.98),
    (83, 0.92),
    (84, 0.85),
    (85, 0.93),
    (86, 0.93),
    (87, 0.91),
    (88, 0.8),
    (89, 0.71),
    (90, 0.82),
    (91, 0.75),
    (92, 0.66),
    (93, 0.66),
    (94, 0.62),
    (95, 0.62),
    (96, 0.56),
    (97, 0.79),
    (98, 0.84),
    (99, 0.86),
    (100, 0.73),
    (101, 0.77),
    (102, 0.88),
    (103, 0.87),
    (104, 0.77),
    (105, 0.86),
    (106, 0.84),
    (107, 0.84),
    (108, 0.68),
    (109, 0.73),
    (110, 0.75),
    (111, 0.73),
    (112, 0.63),
    (113, 0.96),
    (114, 0.92),
    (115, 0.84),
    (116, 0.78),
    (117, 0.87),
    (118, 0.85),
    (119, 0.8),
    (120, 0.74),
    (121, 0.83),
    (122, 0.89),
    (123, 0.76),
    (124, 0.79),
    (125, 0.81),
    (126, 0.78),
    (127, 0.74),
    (128, 0.68),
    (129, 0.83),
    (130, 0.84),
    (131, 0.81),
    (132, 0.75),
    (133, 0.87),
    (134, 0.91),
    (135, 0.85),
    (136, 0.78),
    (137, 0.83),
    (138, 0.84),
    (139, 0.84),
    (140, 0.66),
    (141, 0.66),
    (142, 0.65),
    (143, 0.69),
    (144, 0.63),
    (145, 0.84),
    (146, 0.81),
    (147, 0.9),
    (148, 0.69),
    (149, 0.83),
    (150, 0.88),
    (151, 0.91),
    (152, 0.73),
    (153, 0.83),
    (154, 0.79),
    (155, 0.8),
    (156, 0.63),
    (157, 0.74),
    (158, 0.75),
    (159, 0.79),
    (160, 0.56),
    (161, 0.97),
    (162, 0.91),
    (163, 0.89),
    (164, 0.78),
    (165, 0.89),
    (166, 0.89),
    (167, 0.84),
    (168, 0.65),
    (169, 0.81),
    (170, 0.83),
    (171, 0.79),
    (172, 0.67),
    (173, 0.73),
    (174, 0.73),
    (175, 0.73),
    (176, 0.6),
    (177, 0.86),
    (178, 0.8),
    (179, 0.79),
    (180, 0.73),
    (181, 0.77),
    (182, 0.82),
    (183, 0.86),
    (184, 0.68),
    (185, 0.79),
    (186, 0.96),
    (187, 0.78),
    (188, 0.72),
    (189, 0.72),
    (190, 0.71),
    (191, 0.69),
    (192, 0.65),
    (193, 0.54),
    (194, 0.58),
    (195, 0.58),
    (196, 0.59),
    (197, 0.76),
    (198, 0.74),
    (199, 0.79),
    (200, 0.62),
    (201, 0.74),
    (202, 0.75),
    (203, 0.74),
    (204, 0.65),
    (205, 0.75),
    (206, 0.73),
    (207, 0.68),
    (208, 0.64),
    (209, 0.75),
    (210, 0.69),
    (211, 0.74),
    (212, 0.67),
    (213, 0.79),
    (214, 0.81),
    (215, 0.77),
    (216, 0.67),
    (217, 0.83),
    (218, 0.75),
    (219, 0.64),
    (220, 0.6),
    (221, 0.59),
    (222, 0.56),
    (223, 0.53),
    (224, 0.46),
    (225, 0.51),
    (226, 0.58),
    (227, 0.57),
    (228, 0.54),
    (229, 0.66),
    (230, 0.68),
    (231, 0.65),
    (232, 0.58),
    (233, 0.59),
    (234, 0.63),
    (235, 0.57),
    (236, 0.5),
    (237, 0.5),
    (238, 0.5),
    (239, 0.49),
    (240, 0.42),
    (241, 0.59),
    (242, 0.61),
    (243, 0.66),
    (244, 0.53),
    (245, 0.64),
    (246, 0.7),
    (247, 0.66),
    (248, 0.51),
    (249, 0.62),
    (250, 0.55),
    (251, 0.57),
    (252, 0.47),
    (253, 0.55),
    (254, 0.53),
    (255, 0.55),
    (256, 0.47);

INSERT INTO observation_doses (observation_id, drug_id, dose_level) VALUES
    (1, 1, 0),
    (1, 2, 0),
    (1, 3, 0),
    (1, 4, 0),
    (2, 1, 0),
    (2, 2, 0),
    (2, 3, 0),
    (2, 4, 9.375),
    (3, 1, 0),
    (3, 2, 0),
    (3, 3, 0),
    (3, 4, 18.75),
    (4, 1, 0),
    (4, 2, 0),
    (4, 3, 0),
    (4, 4, 75),
    (5, 1, 0),
    (5, 2, 0),
    (5, 3, 12.5),
    (5, 4, 0),
    (6, 1, 0),
    (6, 2, 0),
    (6, 3, 12.5),
    (6, 4, 9.375),
    (7, 1, 0),
    (7, 2, 0),
    (7, 3, 12.5),
    (7, 4, 18.75),
    (8, 1, 0),
    (8, 2, 0),
    (8, 3, 12.5),
    (8, 4, 75),
    (9, 1, 0),
    (9, 2, 0),
    (9, 3, 25),
    (9, 4, 0),
    (10, 1, 0),
    (10, 2, 0),
    (10, 3, 25),
    (10, 4, 9.375),
    (11, 1, 0),
    (11, 2, 0),
    (11, 3, 25),
    (11, 4, 18.75),
    (12, 1, 0),
    (12, 2, 0),
    (12, 3, 25),
    (12, 4, 75),
    (13, 1, 0),
    (13, 2, 0),
    (13, 3, 100),
    (13, 4, 0),
    (14, 1, 0),
    (14, 2, 0),
    (14, 3, 100),
    (14, 4, 9.375),
    (15, 1, 0),
    (15, 2, 0),
    (15, 3, 100),
    (15, 4, 18.75),
    (16, 1, 0),
    (16, 2, 0),
    (16, 3, 100),
    (16, 4, 75),
    (17, 1, 0),
    (17, 2, 5),
    (17, 3, 0),
    (17, 4, 0),
    (18, 1, 0),
    (18, 2, 5),
    (18, 3, 0),
    (18, 4, 9.375),
    (19, 1, 0),
    (19, 2, 5),
    (19, 3, 0),
    (19, 4, 18.75),
    (20, 1, 0),
    (20, 2, 5),
    (20, 3, 0),
    (20, 4, 75),
    (21, 1, 0),
    (21, 2, 5),
    (21, 3, 12.5),
    (21, 4, 0),
    (22, 1, 0),
    (22, 2, 5),
    (22, 3, 12.5),
    (22, 4, 9.375),
    (23, 1, 0),
    (23, 2, 5),
    (23, 3, 12.5),
    (23, 4, 18.75),
    (24, 1, 0),
    (24, 2, 5),
    (24, 3, 12.5),
    (24, 4, 75),
    (25, 1, 0),
    (25, 2, 5),
    (25, 3, 25),
    (25, 4, 0),
    (26, 1, 0),
    (26, 2, 5),
    (26, 3, 25),
    (26, 4, 9.375),
    (27, 1, 0),
    (27, 2, 5),
    (27, 3, 25),
    (27, 4, 18.75),
    (28, 1, 0),
    (28, 2, 5),
    (28, 3, 25),
    (28, 4, 75),
    (29, 1, 0),
    (29, 2, 5),
    (29, 3, 100),
    (29, 4, 0),
    (30, 1, 0),
    (30, 2, 5),
    (30, 3, 100),
    (30, 4, 9.375),
    (31, 1, 0),
    (31, 2, 5),
    (31, 3, 100),
    (31, 4, 18.75),
    (32, 1, 0),
    (32, 2, 5),
    (32, 3, 100),
    (32, 4, 75),
    (33, 1, 0),
    (33, 2, 10),
    (33, 3, 0),
    (33, 4, 0),
    (34, 1, 0),
    (34, 2, 10),
    (34, 3, 0),
    (34, 4, 9.375),
    (35, 1, 0),
    (35, 2, 10),
    (35, 3, 0),
    (35, 4, 18.75),
    (36, 1, 0),
    (36, 2, 10),
    (36, 3, 0),
    (36, 4, 75),
    (37, 1, 0),
    (37, 2, 10),
    (37, 3, 12.5),
    (37, 4, 0),
    (38, 1, 0),
    (38, 2, 10),
    (38, 3, 12.5),
    (38, 4, 9.375),
    (39, 1, 0),
    (39, 2, 10),
    (39, 3, 12.5),
    (39, 4, 18.75),
    (40, 1, 0),
    (40, 2, 10),
    (40, 3, 12.5),
    (40, 4, 75),
    (41, 1, 0),
    (41, 2, 10),
    (41, 3, 25),
    (41, 4, 0),
    (42, 1, 0),
    (42, 2, 10),
    (42, 3, 25),
    (42, 4, 9.375),
    (43, 1, 0),
    (43, 2, 10),
    (43, 3, 25),
    (43, 4, 18.75),
    (44, 1, 0),
    (44, 2, 10),
    (44, 3, 25),
    (44, 4, 75),
    (45, 1, 0),
    (45, 2, 10),
    (45, 3, 100),
    (45, 4, 0),
    (46, 1, 0),
    (46, 2, 10),
    (46, 3, 100),
    (46, 4, 9.375),
    (47, 1, 0),
    (47, 2, 10),
    (47, 3, 100),
    (47, 4, 18.75),
    (48, 1, 0),
    (48, 2, 10),
    (48, 3, 100),
    (48, 4, 75),
    (49, 1, 0),
    (49, 2, 40),
    (49, 3, 0),
    (49, 4, 0),
    (50, 1, 0),
    (50, 2, 40),
    (50, 3, 0),
    (50, 4, 9.375),
    (51, 1, 0),
    (51, 2, 40),
    (51, 3, 0),
    (51, 4, 18.75),
    (52, 1, 0),
    (52, 2, 40),
    (52, 3, 0),
    (52, 4, 75),
    (53, 1, 0),
    (53, 2, 40),
    (53, 3, 12.5),
    (53, 4, 0),
    (54, 1, 0),
    (54, 2, 40),
    (54, 3, 12.5),
    (54, 4, 9.375),
    (55, 1, 0),
    (55, 2, 40),
    (55, 3, 12.5),
    (55, 4, 18.75),
    (56, 1, 0),
    (56, 2, 40),
    (56, 3, 12.5),
    (56, 4, 75),
    (57, 1, 0),
    (57, 2, 40),
    (57, 3, 25),
    (57, 4, 0),
    (58, 1, 0),
    (58, 2, 40),
    (58, 3, 25),
    (58, 4, 9.375),
    (59, 1, 0),
    (59, 2, 40),
    (59, 3, 25),
    (59, 4, 18.75),
    (60, 1, 0),
    (60, 2, 40),
    (60, 3, 25),
    (60, 4, 75),
    (61, 1, 0),
    (61, 2, 40),
    (61, 3, 100),
    (61, 4, 0),
    (62, 1, 0),
    (62, 2, 40),
    (62, 3, 100),
    (62, 4, 9.375),
    (63, 1, 0),
    (63, 2, 40),
    (63, 3, 100),
    (63, 4, 18.75),
    (64, 1, 0),
    (64, 2, 40),
    (64, 3, 100),
    (64, 4, 75),
    (65, 1, 6.25),
    (65, 2, 0),
    (65, 3, 0),
    (65, 4, 0),
    (66, 1, 6.25),
    (66, 2, 0),
    (66, 3, 0),
    (66, 4, 9.375),
    (67, 1, 6.25),
    (67, 2, 0),
    (67, 3, 0),
    (67, 4, 18.75),
    (68, 1, 6.25),
    (68, 2, 0),
    (68, 3, 0),
    (68, 4, 75),
    (69, 1, 6.25),
    (69, 2, 0),
    (69, 3, 12.5),
    (69, 4, 0),
    (70, 1, 6.25),
    (70, 2, 0),
    (70, 3, 12.5),
    (70, 4, 9.375),
    (71, 1, 6.25),
    (71, 2, 0),
    (71, 3, 12.5),
    (71, 4, 18.75),
    (72, 1, 6.25),
    (72, 2, 0),
    (72, 3, 12.5),
    (72, 4, 75),
    (73, 1, 6.25),
    (73, 2, 0),
    (73, 3, 25),
    (73, 4, 0),
    (74, 1, 6.25),
    (74, 2, 0),
    (74, 3, 25),
    (74, 4, 9.375),
    (75, 1, 6.25),
    (75, 2, 0),
    (75, 3, 25),
    (75, 4, 18.75),
    (76, 1, 6.25),
    (76, 2, 0),
    (76, 3, 25),
    (76, 4, 75),
    (77, 1, 6.25),
    (77, 2, 0),
    (77, 3, 100),
    (77, 4, 0),
    (78, 1, 6.25),
    (78, 2, 0),
    (78, 3, 100),
    (78, 4, 9.375),
    (79, 1, 6.25),
    (79, 2, 0),
    (79, 3, 100),
    (79, 4, 18.75),
    (80, 1, 6.25),
    (80, 2, 0),
    (80, 3, 100),
    (80, 4, 75),
    (81, 1, 6.25),
    (81, 2, 5),
    (81, 3, 0),
    (81, 4, 0),
    (82, 1, 6.25),
    (82, 2, 5),
    (82, 3, 0),
    (82, 4, 9.375),
    (83, 1, 6.25),
    (83, 2, 5),
    (83, 3, 0),
    (83, 4, 18.75),
    (84, 1, 6.25),
    (84, 2, 5),
    (84, 3, 0),
    (84, 4, 75),
    (85, 1, 6.25),
    (85, 2, 5),
    (85, 3, 12.5),
    (85, 4, 0),
    (86, 1, 6.25),
    (86, 2, 5),
    (86, 3, 12.5),
    (86, 4, 9.375),
    (87, 1, 6.25),
    (87, 2, 5),
    (87, 3, 12.5),
    (87, 4, 18.75),
    (88, 1, 6.25),
    (88, 2, 5),
    (88, 3, 12.5),
    (88, 4, 75),
    (89, 1, 6.25),
    (89, 2, 5),
    (89, 3, 25),
    (89, 4, 0),
    (90, 1, 6.25),
    (90, 2, 5),
    (90, 3, 25),
    (90, 4, 9.375),
    (91, 1, 6.25),
    (91, 2, 5),
    (91, 3, 25),
    (91, 4, 18.75),
    (92, 1, 6.25),
    (92, 2, 5),
    (92, 3, 25),
    (92, 4, 75),
    (93, 1, 6.25),
    (93, 2, 5),
    (93, 3, 100),
    (93, 4, 0),
    (94, 1, 6.25),
    (94, 2, 5),
    (94, 3, 100),
    (94, 4, 9.375),
    (95, 1, 6.25),
    (95, 2, 5),
    (95, 3, 100),
    (95, 4, 18.75),
    (96, 1, 6.25),
    (96, 2, 5),
    (96, 3, 100),
    (96, 4, 75),
    (97, 1, 6.25),
    (97, 2, 10),
    (97, 3, 0),
    (97, 4, 0),
    (98, 1, 6.25),
    (98, 2, 10),
    (98, 3, 0),
    (98, 4, 9.375),
    (99, 1, 6.25),
    (99, 2, 10),
    (99, 3, 0),
    (99, 4, 18.75),
    (100, 1, 6.25),
    (100, 2, 10),
    (100, 3, 0),
    (100, 4, 75),
    (101, 1, 6.25),
    (101, 2, 10),
    (101, 3, 12.5),
    (101, 4, 0),
    (102, 1, 6.25),
    (102, 2, 10),
    (102, 3, 12.5),
    (102, 4, 9.375),
    (103, 1, 6.25),
    (103, 2, 10),
    (103, 3, 12.5),
    (103, 4, 18.75),
    (104, 1, 6.25),
    (104, 2, 10),
    (104, 3, 12.5),
    (104, 4, 75),
    (105, 1, 6.25),
    (105, 2, 10),
    (105, 3, 25),
    (105, 4, 0),
    (106, 1, 6.25),
    (106, 2, 10),
    (106, 3, 25),
    (106, 4, 9.375),
    (107, 1, 6.25),
    (107, 2, 10),
    (107, 3, 25),
    (107, 4, 18.75),
    (108, 1, 6.25),
    (108, 2, 10),
    (108, 3, 25),
    (108, 4, 75),
    (109, 1, 6.25),
    (109, 2, 10),
    (109, 3, 100),
    (109, 4, 0),
    (110, 1, 6.25),
    (110, 2, 10),
    (110, 3, 100),
    (110, 4, 9.375),
    (111, 1, 6.25),
    (111, 2, 10),
    (111, 3, 100),
    (111, 4, 18.75),
    (112, 1, 6.25),
    (112, 2, 10),
    (112, 3, 100),
    (112, 4, 75),
    (113, 1, 6.25),
    (113, 2, 40),
    (113, 3, 0),
    (113, 4, 0),
    (114, 1, 6.25),
    (114, 2, 40),
    (114, 3, 0),
    (114, 4, 9.375),
    (115, 1, 6.25),
    (115, 2, 40),
    (115, 3, 0),
    (115, 4, 18.75),
    (116, 1, 6.25),
    (116, 2, 40),
    (116, 3, 0),
    (116, 4, 75),
    (117, 1, 6.25),
    (117, 2, 40),
    (117, 3, 12.5),
    (117, 4, 0),
    (118, 1, 6.25),
    (118, 2, 40),
    (118, 3, 12.5),
    (118, 4, 9.375),
    (119, 1, 6.25),
    (119, 2, 40),
    (119, 3, 12.5),
    (119, 4, 18.75),
    (120, 1, 6.25),
    (120, 2, 40),
    (120, 3, 12.5),
    (120, 4, 75),
    (121, 1, 6.25),
    (121, 2, 40),
    (121, 3, 25),
    (121, 4, 0),
    (122, 1, 6.25),
    (122, 2, 40),
    (122, 3, 25),
    (122, 4, 9.375),
    (123, 1, 6.25),
    (123, 2, 40),
    (123, 3, 25),
    (123, 4, 18.75),
    (124, 1, 6.25),
    (124, 2, 40),
    (124, 3, 25),
    (124, 4, 75),
    (125, 1, 6.25),
    (125, 2, 40),
    (125, 3, 100),
    (125, 4, 0),
    (126, 1, 6.25),
    (126, 2, 40),
    (126, 3, 100),
    (126, 4, 9.375),
    (127, 1, 6.25),
    (127, 2, 40),
    (127, 3, 100),
    (127, 4, 18.75),
    (128, 1, 6.25),
    (128, 2, 40),
    (128, 3, 100),
    (128, 4, 75),
    (129, 1, 12.5),
    (129, 2, 0),
    (129, 3, 0),
    (129, 4, 0),
    (130, 1, 12.5),
    (130, 2, 0),
    (130, 3, 0),
    (130, 4, 9.375),
    (131, 1, 12.5),
    (131, 2, 0),
    (131, 3, 0),
    (131, 4, 18.75),
    (132, 1, 12.5),
    (132, 2, 0),
    (132, 3, 0),
    (132, 4, 75),
    (133, 1, 12.5),
    (133, 2, 0),
    (133, 3, 12.5),
    (133, 4, 0),
    (134, 1, 12.5),
    (134, 2, 0),
    (134, 3, 12.5),
    (134, 4, 9.375),
    (135, 1, 12.5),
    (135, 2, 0),
    (135, 3, 12.5),
    (135, 4, 18.75),
    (136, 1, 12.5),
    (136, 2, 0),
    (136, 3, 12.5),
    (136, 4, 75),
    (137, 1, 12.5),
    (137, 2, 0),
    (137, 3, 25),
    (137, 4, 0),
    (138, 1, 12.5),
    (138, 2, 0),
    (138, 3, 25),
    (138, 4, 9.375),
    (139, 1, 12.5),
    (139, 2, 0),
    (139, 3, 25),
    (139, 4, 18.75),
    (140, 1, 12.5),
    (140, 2, 0),
    (140, 3, 25),
    (140, 4, 75),
    (141, 1, 12.5),
    (141, 2, 0),
    (141, 3, 100),
    (141, 4, 0),
    (142, 1, 12.5),
    (142, 2, 0),
    (142, 3, 100),
    (142, 4, 9.375),
    (143, 1, 12.5),
    (143, 2, 0),
    (143, 3, 100),
    (143, 4, 18.75),
    (144, 1, 12.5),
    (144, 2, 0),
    (144, 3, 100),
    (144, 4, 75),
    (145, 1, 12.5),
    (145, 2, 5),
    (145, 3, 0),
    (145, 4, 0),
    (146, 1, 12.5),
    (146, 2, 5),
    (146, 3, 0),
    (146, 4, 9.375),
    (147, 1, 12.5),
    (147, 2, 5),
    (147, 3, 0),
    (147, 4, 18.75),
    (148, 1, 12.5),
    (148, 2, 5),
    (148, 3, 0),
    (148, 4, 75),
    (149, 1, 12.5),
    (149, 2, 5),
    (149, 3, 12.5),
    (149, 4, 0),
    (150, 1, 12.5),
    (150, 2, 5),
    (150, 3, 12.5),
    (150, 4, 9.375),
    (151, 1, 12.5),
    (151, 2, 5),
    (151, 3, 12.5),
    (151, 4, 18.75),
    (152, 1, 12.5),
    (152, 2, 5),
    (152, 3, 12.5),
    (152, 4, 75),
    (153, 1, 12.5),
    (153, 2, 5),
    (153, 3, 25),
    (153, 4, 0),
    (154, 1, 12.5),
    (154, 2, 5),
    (154, 3, 25),
    (154, 4, 9.375),
    (155, 1, 12.5),
    (155, 2, 5),
    (155, 3, 25),
    (155, 4, 18.75),
    (156, 1, 12.5),
    (156, 2, 5),
    (156, 3, 25),
    (156, 4, 75),
    (157, 1, 12.5),
    (157, 2, 5),
    (157, 3, 100),
    (157, 4, 0),
    (158, 1, 12.5),
    (158, 2, 5),
    (158, 3, 100),
    (158, 4, 9.375),
    (159, 1, 12.5),
    (159, 2, 5),
    (159, 3, 100),
    (159, 4, 18.75),
    (160, 1, 12.5),
    (160, 2, 5),
    (160, 3, 100),
    (160, 4, 75),
    (161, 1, 12.5),
    (161, 2, 10),
    (161, 3, 0),
    (161, 4, 0),
    (162, 1, 12.5),
    (162, 2, 10),
    (162, 3, 0),
    (162, 4, 9.375),
    (163, 1, 12.5),
    (163, 2, 10),
    (163, 3, 0),
    (163, 4, 18.75),
    (164, 1, 12.5),
    (164, 2, 10),
    (164, 3, 0),
    (164, 4, 75),
    (165, 1, 12.5),
    (165, 2, 10),
    (165, 3, 12.5),
    (165, 4, 0),
    (166, 1, 12.5),
    (166, 2, 10),
    (166, 3, 12.5),
    (166, 4, 9.375),
    (167, 1, 12.5),
    (167, 2, 10),
    (167, 3, 12.5),
    (167, 4, 18.75),
    (168, 1, 12.5),
    (168, 2, 10),
    (168, 3, 12.5),
    (168, 4, 75),
    (169, 1, 12.5),
    (169, 2, 10),
    (169, 3, 25),
    (169, 4, 0),
    (170, 1, 12.5),
    (170, 2, 10),
    (170, 3, 25),
    (170, 4, 9.375),
    (171, 1, 12.5),
    (171, 2, 10),
    (171, 3, 25),
    (171, 4, 18.75),
    (172, 1, 12.5),
    (172, 2, 10),
    (172, 3, 25),
    (172, 4, 75),
    (173, 1, 12.5),
    (173, 2, 10),
    (173, 3, 100),
    (173, 4, 0),
    (174, 1, 12.5),
    (174, 2, 10),
    (174, 3, 100),
    (174, 4, 9.375),
    (175, 1, 12.5),
    (175, 2, 10),
    (175, 3, 100),
    (175, 4, 18.75),
    (176, 1, 12.5),
    (176, 2, 10),
    (176, 3, 100),
    (176, 4, 75),
    (177, 1, 12.5),
    (177, 2, 40),
    (177, 3, 0),
    (177, 4, 0),
    (178, 1, 12.5),
    (178, 2, 40),
    (178, 3, 0),
    (178, 4, 9.375),
    (179, 1, 12.5),
    (179, 2, 40),
    (179, 3, 0),
    (179, 4, 18.75),
    (180, 1, 12.5),
    (180, 2, 40),
    (180, 3, 0),
    (180, 4, 75),
    (181, 1, 12.5),
    (181, 2, 40),
    (181, 3, 12.5),
    (181, 4, 0),
    (182, 1, 12.5),
    (182, 2, 40),
    (182, 3, 12.5),
    (182, 4, 9.375),
    (183, 1, 12.5),
    (183, 2, 40),
    (183, 3, 12.5),
    (183, 4, 18.75),
    (184, 1, 12.5),
    (184, 2, 40),
    (184, 3, 12.5),
    (184, 4, 75),
    (185, 1, 12.5),
    (185, 2, 40),
    (185, 3, 25),
    (185, 4, 0),
    (186, 1, 12.5),
    (186, 2, 40),
    (186, 3, 25),
    (186, 4, 9.375),
    (187, 1, 12.5),
    (187, 2, 40),
    (187, 3, 25),
    (187, 4, 18.75),
    (188, 1, 12.5),
    (188, 2, 40),
    (188, 3, 25),
    (188, 4, 75),
    (189, 1, 12.5),
    (189, 2, 40),
    (189, 3, 100),
    (189, 4, 0),
    (190, 1, 12.5),
    (190, 2, 40),
    (190, 3, 100),
    (190, 4, 9.375),
    (191, 1, 12.5),
    (191, 2, 40),
    (191, 3, 100),
    (191, 4, 18.75),
    (192, 1, 12.5),
    (192, 2, 40),
    (192, 3, 100),
    (192, 4, 75),
    (193, 1, 50),
    (193, 2, 0),
    (193, 3, 0),
    (193, 4, 0),
    (194, 1, 50),
    (194, 2, 0),
    (194, 3, 0),
    (194, 4, 9.375),
    (195, 1, 50),
    (195, 2, 0),
    (195, 3, 0),
    (195, 4, 18.75),
    (196, 1, 50),
    (196, 2, 0),
    (196, 3, 0),
    (196, 4, 75),
    (197, 1, 50),
    (197, 2, 0),
    (197, 3, 12.5),
    (197, 4, 0),
    (198, 1, 50),
    (198, 2, 0),
    (198, 3, 12.5),
    (198, 4, 9.375),
    (199, 1, 50),
    (199, 2, 0),
    (199, 3, 12.5),
    (199, 4, 18.75),
    (200, 1, 50),
    (200, 2, 0),
    (200, 3, 12.5),
    (200, 4, 75),
    (201, 1, 50),
    (201, 2, 0),
    (201, 3, 25),
    (201, 4, 0),
    (202, 1, 50),
    (202, 2, 0),
    (202, 3, 25),
    (202, 4, 9.375),
    (203, 1, 50),
    (203, 2, 0),
    (203, 3, 25),
    (203, 4, 18.75),
    (204, 1, 50),
    (204, 2, 0),
    (204, 3, 25),
    (204, 4, 75),
    (205, 1, 50),
    (205, 2, 0),
    (205, 3, 100),
    (205, 4, 0),
    (206, 1, 50),
    (206, 2, 0),
    (206, 3, 100),
    (206, 4, 9.375),
    (207, 1, 50),
    (207, 2, 0),
    (207, 3, 100),
    (207, 4, 18.75),
    (208, 1, 50),
    (208, 2, 0),
    (208, 3, 100),
    (208, 4, 75),
    (209, 1, 50),
    (209, 2, 5),
    (209, 3, 0),
    (209, 4, 0),
    (210, 1, 50),
    (210, 2, 5),
    (210, 3, 0),
    (210, 4, 9.375),
    (211, 1, 50),
    (211, 2, 5),
    (211, 3, 0),
    (211, 4, 18.75),
    (212, 1, 50),
    (212, 2, 5),
    (212, 3, 0),
    (212, 4, 75),
    (213, 1, 50),
    (213, 2, 5),
    (213, 3, 12.5),
    (213, 4, 0),
    (214, 1, 50),
    (214, 2, 5),
    (214, 3, 12.5),
    (214, 4, 9.375),
    (215, 1, 50),
    (215, 2, 5),
    (215, 3, 12.5),
    (215, 4, 18.75),
    (216, 1, 50),
    (216, 2, 5),
    (216, 3, 12.5),
    (216, 4, 75),
    (217, 1, 50),
    (217, 2, 5),
    (217, 3, 25),
    (217, 4, 0),
    (218, 1, 50),
    (218, 2, 5),
    (218, 3, 25),
    (218, 4, 9.375),
    (219, 1, 50),
    (219, 2, 5),
    (219, 3, 25),
    (219, 4, 18.75),
    (220, 1, 50),
    (220, 2, 5),
    (220, 3, 25),
    (220, 4, 75),
    (221, 1, 50),
    (221, 2, 5),
    (221, 3, 100),
    (221, 4, 0),
    (222, 1, 50),
    (222, 2, 5),
    (222, 3, 100),
    (222, 4, 9.375),
    (223, 1, 50),
    (223, 2, 5),
    (223, 3, 100),
    (223, 4, 18.75),
    (224, 1, 50),
    (224, 2, 5),
    (224, 3, 100),
    (224, 4, 75),
    (225, 1, 50),
    (225, 2, 10),
    (225, 3, 0),
    (225, 4, 0),
    (226, 1, 50),
    (226, 2, 10),
    (226, 3, 0),
    (226, 4, 9.375),
    (227, 1, 50),
    (227, 2, 10),
    (227, 3, 0),
    (227, 4, 18.75),
    (228, 1, 50),
    (228, 2, 10),
    (228, 3, 0),
    (228, 4, 75),
    (229, 1, 50),
    (229, 2, 10),
    (229, 3, 12.5),
    (229, 4, 0),
    (230, 1, 50),
    (230, 2, 10),
    (230, 3, 12.5),
    (230, 4, 9.375),
    (231, 1, 50),
    (231, 2, 10),
    (231, 3, 12.5),
    (231, 4, 18.75),
    (232, 1, 50),
    (232, 2, 10),
    (232, 3, 12.5),
    (232, 4, 75),
    (233, 1, 50),
    (233, 2, 10),
    (233, 3, 25),
    (233, 4, 0),
    (234, 1, 50),
    (234, 2, 10),
    (234, 3, 25),
    (234, 4, 9.375),
    (235, 1, 50),
    (235, 2, 10),
    (235, 3, 25),
    (235, 4, 18.75),
    (236, 1, 50),
    (236, 2, 10),
    (236, 3, 25),
    (236, 4, 75),
    (237, 1, 50),
    (237, 2, 10),
    (237, 3, 100),
    (237, 4, 0),
    (238, 1, 50),
    (238, 2, 10),
    (238, 3, 100),
    (238, 4, 9.375),
    (239, 1, 50),
    (239, 2, 10),
    (239, 3, 100),
    (239, 4, 18.75),
    (240, 1, 50),
    (240, 2, 10),
    (240, 3, 100),
    (240, 4, 75),
    (241, 1, 50),
    (241, 2, 40),
    (241, 3, 0),
    (241, 4, 0),
    (242, 1, 50),
    (242, 2, 40),
    (242, 3, 0),
    (242, 4, 9.375),
    (243, 1, 50),
    (243, 2, 40),
    (243, 3, 0),
    (243, 4, 18.75),
    (244, 1, 50),
    (244, 2, 40),
    (244, 3, 0),
    (244, 4, 75),
    (245, 1, 50),
    (245, 2, 40),
    (245, 3, 12.5),
    (245, 4, 0),
    (246, 1, 50),
    (246, 2, 40),
    (246, 3, 12.5),
    (246, 4, 9.375),
    (247, 1, 50),
    (247, 2, 40),
    (247, 3, 12.5),
    (247, 4, 18.75),
    (248, 1, 50),
    (248, 2, 40),
    (248, 3, 12.5),
    (248, 4, 75),
    (249, 1, 50),
    (249, 2, 40),
    (249, 3, 25),
    (249, 4, 0),
    (250, 1, 50),
    (250, 2, 40),
    (250, 3, 25),
    (250, 4, 9.375),
    (251, 1, 50),
    (251, 2, 40),
    (251, 3, 25),
    (251, 4, 18.75),
    (252, 1, 50),
    (252, 2, 40),
    (252, 3, 25),
    (252, 4, 75),
    (253, 1, 50),
    (253, 2, 40),
    (253, 3, 100),
    (253, 4, 0),
    (254, 1, 50),
    (254, 2, 40),
    (254, 3, 100),
    (254, 4, 9.375),
    (255, 1, 50),
    (255, 2, 40),
    (255, 3, 100),
    (255, 4, 18.75),
    (256, 1, 50),
    (256, 2, 40),
    (256, 3, 100),
    (256, 4, 75);

INSERT INTO model_performance (model_name, normalization, test_mse, rank_within_normalization) VALUES
    ('Quadratic Regression', 'Feature scaling', 0.027247, 5),
    ('Ridge Regression', 'Feature scaling', 0.004062, 3),
    ('Lasso Regression', 'Feature scaling', 0.003252, 1),
    ('MLP', 'Feature scaling', 0.004596, 4),
    ('Random Forest', 'Feature scaling', 0.003298, 2),
    ('Quadratic Regression', 'Studentized residual', 0.027247, 5),
    ('Ridge Regression', 'Studentized residual', 0.00364, 3),
    ('Lasso Regression', 'Studentized residual', 0.003251, 1),
    ('MLP', 'Studentized residual', 0.005396, 4),
    ('Random Forest', 'Studentized residual', 0.003471, 2);

SET search_path TO drug_combo, public;

CREATE OR REPLACE VIEW vw_observation_long AS
SELECT
    o.observation_id AS test_id,
    d.drug_id,
    d.drug_key,
    d.drug_name,
    od.dose_level,
    o.cell_viability
FROM observations o
JOIN observation_doses od
    ON o.observation_id = od.observation_id
JOIN drugs d
    ON od.drug_id = d.drug_id
ORDER BY o.observation_id, d.drug_id;

CREATE OR REPLACE VIEW vw_observation_wide AS
SELECT
    o.observation_id AS test_id,
    MAX(CASE WHEN d.drug_key = 'vincristine' THEN od.dose_level END) AS vincristine,
    MAX(CASE WHEN d.drug_key = 'mitoxantrone' THEN od.dose_level END) AS mitoxantrone,
    MAX(CASE WHEN d.drug_key = 'etoposide' THEN od.dose_level END) AS etoposide,
    MAX(CASE WHEN d.drug_key = 'daunorubicin' THEN od.dose_level END) AS daunorubicin,
    o.cell_viability
FROM observations o
JOIN observation_doses od
    ON o.observation_id = od.observation_id
JOIN drugs d
    ON od.drug_id = d.drug_id
GROUP BY o.observation_id, o.cell_viability
ORDER BY o.observation_id;

CREATE OR REPLACE VIEW vw_drug_level_summary AS
SELECT
    d.drug_key,
    d.drug_name,
    od.dose_level AS level,
    ROUND(AVG(o.cell_viability)::numeric, 6) AS mean_cell_viability,
    ROUND(PERCENTILE_CONT(0.5) WITHIN GROUP (ORDER BY o.cell_viability)::numeric, 6) AS median_cell_viability,
    ROUND(MIN(o.cell_viability)::numeric, 6) AS min_cell_viability,
    ROUND(MAX(o.cell_viability)::numeric, 6) AS max_cell_viability,
    COUNT(*)::integer AS n_observations
FROM observation_doses od
JOIN observations o
    ON od.observation_id = o.observation_id
JOIN drugs d
    ON od.drug_id = d.drug_id
GROUP BY d.drug_key, d.drug_name, od.dose_level
ORDER BY d.drug_key, od.dose_level;

CREATE OR REPLACE VIEW vw_best_drug_levels AS
WITH ranked AS (
    SELECT
        *,
        ROW_NUMBER() OVER (
            PARTITION BY drug_key
            ORDER BY mean_cell_viability ASC, level DESC
        ) AS best_level_rank
    FROM vw_drug_level_summary
)
SELECT
    drug_key,
    drug_name,
    level,
    mean_cell_viability,
    median_cell_viability,
    min_cell_viability,
    max_cell_viability,
    n_observations,
    best_level_rank
FROM ranked
WHERE best_level_rank = 1
ORDER BY mean_cell_viability ASC, drug_name;

CREATE OR REPLACE VIEW vw_pair_heatmap_summary AS
WITH pair_rows AS (
    SELECT
        d1.drug_key AS drug_a_key,
        d1.drug_name AS drug_a_name,
        d2.drug_key AS drug_b_key,
        d2.drug_name AS drug_b_name,
        od1.dose_level AS drug_a_level,
        od2.dose_level AS drug_b_level,
        o.cell_viability
    FROM observations o
    JOIN observation_doses od1
        ON o.observation_id = od1.observation_id
    JOIN drugs d1
        ON od1.drug_id = d1.drug_id
    JOIN observation_doses od2
        ON o.observation_id = od2.observation_id
    JOIN drugs d2
        ON od2.drug_id = d2.drug_id
    WHERE d1.drug_id < d2.drug_id
)
SELECT
    LOWER(drug_a_key || ' + ' || drug_b_key) AS pair_key,
    drug_a_name || ' + ' || drug_b_name AS pair_name,
    drug_a_key,
    drug_a_name,
    drug_b_key,
    drug_b_name,
    drug_a_level,
    drug_b_level,
    ROUND(AVG(cell_viability)::numeric, 6) AS mean_cell_viability,
    ROUND(PERCENTILE_CONT(0.5) WITHIN GROUP (ORDER BY cell_viability)::numeric, 6) AS median_cell_viability,
    ROUND(MIN(cell_viability)::numeric, 6) AS min_cell_viability,
    ROUND(MAX(cell_viability)::numeric, 6) AS max_cell_viability,
    COUNT(*)::integer AS n_observations
FROM pair_rows
GROUP BY
    drug_a_key,
    drug_a_name,
    drug_b_key,
    drug_b_name,
    drug_a_level,
    drug_b_level
ORDER BY pair_name, drug_a_level, drug_b_level;

CREATE OR REPLACE VIEW vw_vincristine_mitoxantrone_heatmap AS
SELECT
    drug_a_level AS vincristine,
    drug_b_level AS mitoxantrone,
    mean_cell_viability,
    median_cell_viability,
    min_cell_viability,
    max_cell_viability,
    n_observations
FROM vw_pair_heatmap_summary
WHERE pair_key = 'vincristine + mitoxantrone'
ORDER BY vincristine, mitoxantrone;

CREATE OR REPLACE VIEW vw_model_performance AS
WITH baseline AS (
    SELECT
        normalization,
        MAX(CASE WHEN model_name = 'Quadratic Regression' THEN test_mse END) AS baseline_quadratic_mse
    FROM model_performance
    GROUP BY normalization
)
SELECT
    mp.model_name AS model,
    mp.normalization,
    mp.test_mse,
    b.baseline_quadratic_mse,
    ROUND(
        100 * (b.baseline_quadratic_mse - mp.test_mse) / NULLIF(b.baseline_quadratic_mse, 0),
        3
    ) AS mse_reduction_vs_quadratic_pct,
    mp.rank_within_normalization
FROM model_performance mp
JOIN baseline b
    ON mp.normalization = b.normalization
ORDER BY mp.normalization, mp.rank_within_normalization;

CREATE OR REPLACE VIEW vw_top_combinations AS
SELECT
    w.test_id AS experiment_id,
    w.vincristine,
    w.mitoxantrone,
    w.etoposide,
    w.daunorubicin,
    w.cell_viability,
    ROUND(100 * w.cell_viability, 2) AS cell_viability_pct,
    CONCAT(
        'V=', w.vincristine::text,
        ' | M=', w.mitoxantrone::text,
        ' | E=', w.etoposide::text,
        ' | D=', w.daunorubicin::text
    ) AS combo_label,
    ROW_NUMBER() OVER (ORDER BY w.cell_viability ASC, w.test_id ASC) AS viability_rank,
    ROUND(1 - w.cell_viability, 6) AS efficacy_score,
    CASE
        WHEN w.vincristine > 0 AND w.mitoxantrone > 0 THEN 'Includes Vincristine + Mitoxantrone'
        WHEN w.vincristine > 0 THEN 'Vincristine-based combination'
        WHEN w.mitoxantrone > 0 THEN 'Mitoxantrone-based combination'
        ELSE 'Non-VM combination'
    END AS recommended_reason
FROM vw_observation_wide w
ORDER BY viability_rank;

CREATE OR REPLACE VIEW vw_dashboard_kpis AS
WITH best_model AS (
    SELECT
        model,
        normalization,
        test_mse
    FROM vw_model_performance
    ORDER BY test_mse ASC, model ASC
    LIMIT 1
),
best_combo AS (
    SELECT
        experiment_id,
        cell_viability
    FROM vw_top_combinations
    ORDER BY cell_viability ASC, experiment_id ASC
    LIMIT 1
)
SELECT
    (SELECT COUNT(*) FROM observations) AS n_combinations,
    (SELECT COUNT(*) FROM drugs) AS n_drugs,
    (SELECT ROUND(MIN(cell_viability)::numeric, 4) FROM observations) AS best_cell_viability,
    (SELECT ROUND(AVG(cell_viability)::numeric, 4) FROM observations) AS avg_cell_viability,
    (SELECT experiment_id FROM best_combo) AS best_experiment_id,
    (SELECT model || ' (' || normalization || ')' FROM best_model) AS best_model,
    (SELECT ROUND(test_mse::numeric, 6) FROM best_model) AS best_test_mse;